condition,behavior_condition,root_id,priority_score,abs_score,score,target_direction,side,cell_class,cell_type,hemibrain_type,top_nt,mean_approach_margin,behavioral_side_asymmetry,memory_axis_abs_mass,response_laterality_abs,min_empirical_fdr_q
left_alpha_prime_beta_prime_glutamate_activate,,720575940620975696,0.23998209999999998,0.19198568,0.10771902,activated,left,MBIN,DPM,DPM,dopamine,,,,,
left_alpha_prime_beta_prime_glutamate_activate,,720575940624547622,0.1941973125,0.15535785,0.12039096,activated,left,MBIN,APL,APL,gaba,,,,,
left_alpha_prime_beta_prime_glutamate_activate,,720575940624590316,0.0757877255,0.06590237,0.061207686,activated,right,MBON,MBON03,MBON03,glutamate,,,,,
left_alpha_prime_beta_prime_glutamate_activate,,720575940645304430,0.034560452049999996,0.030052567,0.027772808,activated,left,MBON,MBON13,MBON13,acetylcholine,,,,,
left_alpha_prime_beta_prime_glutamate_activate,,720575940630864847,0.031742079199999995,0.027601808,0.024664998,activated,right,MBON,MBON09,MBON09,gaba,,,,,
left_alpha_prime_beta_prime_glutamate_activate,,720575940610964946,0.031019583649999995,0.026973551,0.024303025,activated,right,MBON,MBON09,MBON09,gaba,,,,,
left_alpha_prime_beta_prime_glutamate_activate,,720575940628734376,0.02227556095,0.019370053,0.01826933,activated,right,MBON,MBON04,MBON04,glutamate,,,,,
left_alpha_prime_beta_prime_glutamate_activate,,720575940621828443,0.0212271485,0.01845839,0.015214315,activated,left,MBON,MBON12,MBON12,acetylcholine,,,,,
left_alpha_prime_beta_prime_glutamate_activate,,720575940630075703,0.0211651244,0.018404456,0.015091949,activated,left,MBON,MBON12,MBON12,acetylcholine,,,,,
left_alpha_prime_beta_prime_glutamate_activate,,720575940627594568,0.017036672399999998,0.014197227,0.010742631,activated,left,DAN,PPL103,PPL103,dopamine,,,,,
left_alpha_prime_beta_prime_glutamate_activate,,720575940631758393,0.016743458399999998,0.013952882,0.010658156,activated,right,DAN,PPL103,PPL103,dopamine,,,,,
left_alpha_prime_beta_prime_glutamate_activate,,720575940630496374,0.0162032815,0.01408981,-0.011886099,suppressed,right,MBON,MBON05,MBON05,glutamate,,,,,
left_glutamate_activate_silence_right_serotonin,mirror_reversal,720575940620975696,0.3003526411808383,0.15341768,0.06645879,activated,left,MBIN,DPM,DPM,dopamine,4.529565716007212,-2.931361386509977,1.14915369451046,-0.8302888571078725,
left_glutamate_activate_silence_right_serotonin,mirror_reversal,720575940624547622,0.2936005561037142,0.14996877,0.10563543,activated,left,MBIN,APL,APL,gaba,4.529565716007212,-2.931361386509977,1.14915369451046,-0.8302888571078725,
left_glutamate_activate_silence_right_serotonin,mirror_reversal,720575940624590316,0.06177378455679682,0.034297332,0.028214859,activated,right,MBON,MBON03,MBON03,glutamate,4.529565716007212,-2.931361386509977,1.14915369451046,-0.8302888571078725,
left_glutamate_activate_silence_right_serotonin,mirror_reversal,720575940638028607,0.05757543045747271,0.03196637,0.0170203,activated,right,MBON,MBON06,MBON06,glutamate,4.529565716007212,-2.931361386509977,1.14915369451046,-0.8302888571078725,
left_glutamate_activate_silence_right_serotonin,mirror_reversal,720575940617302365,0.031969924994122864,0.017749975,0.01138192,activated,left,MBON,MBON07,MBON07,glutamate,4.529565716007212,-2.931361386509977,1.14915369451046,-0.8302888571078725,
left_glutamate_activate_silence_right_serotonin,mirror_reversal,720575940616463477,0.03125908036545969,0.017355308,-0.0035696793,suppressed,left,MBON,MBON22,MBON22,acetylcholine,4.529565716007212,-2.931361386509977,1.14915369451046,-0.8302888571078725,
left_glutamate_activate_silence_right_serotonin,mirror_reversal,720575940652390134,0.02947663115965186,0.016365677,0.010078453,activated,left,MBON,MBON07,MBON07,glutamate,4.529565716007212,-2.931361386509977,1.14915369451046,-0.8302888571078725,
left_glutamate_activate_silence_right_serotonin,mirror_reversal,720575940630496374,0.029370584517681722,0.016306799,-0.015223023,suppressed,right,MBON,MBON05,MBON05,glutamate,4.529565716007212,-2.931361386509977,1.14915369451046,-0.8302888571078725,
left_glutamate_activate_silence_right_serotonin,mirror_reversal,720575940645304430,0.028202117235307397,0.015658056,0.013068694,activated,left,MBON,MBON13,MBON13,acetylcholine,4.529565716007212,-2.931361386509977,1.14915369451046,-0.8302888571078725,
left_glutamate_activate_silence_right_serotonin,mirror_reversal,720575940630864847,0.0271867347772751,0.015094307,0.011521559,activated,right,MBON,MBON09,MBON09,gaba,4.529565716007212,-2.931361386509977,1.14915369451046,-0.8302888571078725,
left_glutamate_activate_silence_right_serotonin,mirror_reversal,720575940610964946,0.02601356025452595,0.0144429505,0.0112578785,activated,right,MBON,MBON09,MBON09,gaba,4.529565716007212,-2.931361386509977,1.14915369451046,-0.8302888571078725,
left_glutamate_activate_silence_right_serotonin,mirror_reversal,720575940624539284,0.022517017241068006,0.01250164,0.009130526,activated,left,MBON,MBON18,MBON18,acetylcholine,4.529565716007212,-2.931361386509977,1.14915369451046,-0.8302888571078725,
left_glutamate_kc_activate,left_mb_glutamate_enriched,720575940620975696,0.39885455258264957,0.15337555,0.06650092,activated,left,MBIN,DPM,DPM,dopamine,5.869383225949623,-0.0773739828171882,1.1488261073827744,-0.8300210300816938,0.0381633870005963
left_glutamate_kc_activate,left_mb_glutamate_enriched,720575940624547622,0.38988885449516025,0.14992788,0.10564293,activated,left,MBIN,APL,APL,gaba,5.869383225949623,-0.0773739828171882,1.1488261073827744,-0.8300210300816938,0.0381633870005963
left_glutamate_kc_activate,left_mb_glutamate_enriched,720575940624590316,0.0820475576373592,0.0342941,0.02821809,activated,right,MBON,MBON03,MBON03,glutamate,5.869383225949623,-0.0773739828171882,1.1488261073827744,-0.8300210300816938,0.0381633870005963
left_glutamate_kc_activate,left_mb_glutamate_enriched,720575940638028607,0.07645932516509611,0.03195834,0.017028328,activated,right,MBON,MBON06,MBON06,glutamate,5.869383225949623,-0.0773739828171882,1.1488261073827744,-0.8300210300816938,0.0381633870005963
left_glutamate_kc_activate,left_mb_glutamate_enriched,720575940617302365,0.0424583388821519,0.017746665,0.01138523,activated,left,MBON,MBON07,MBON07,glutamate,5.869383225949623,-0.0773739828171882,1.1488261073827744,-0.8300210300816938,0.0381633870005963
left_glutamate_kc_activate,left_mb_glutamate_enriched,720575940616463477,0.041498054617821654,0.017345287,-0.0035596574,suppressed,left,MBON,MBON22,MBON22,acetylcholine,5.869383225949623,-0.0773739828171882,1.1488261073827744,-0.8300210300816938,0.0381633870005963
left_glutamate_kc_activate,left_mb_glutamate_enriched,720575940652390134,0.03914653550401379,0.016362403,0.010081729,activated,left,MBON,MBON07,MBON07,glutamate,5.869383225949623,-0.0773739828171882,1.1488261073827744,-0.8300210300816938,0.0381633870005963
left_glutamate_kc_activate,left_mb_glutamate_enriched,720575940630496374,0.03897451940367675,0.016290504,-0.015206728,suppressed,right,MBON,MBON05,MBON05,glutamate,5.869383225949623,-0.0773739828171882,1.1488261073827744,-0.8300210300816938,0.0381633870005963
left_glutamate_kc_activate,left_mb_glutamate_enriched,720575940645304430,0.03745771823185683,0.015656514,0.013069996,activated,left,MBON,MBON13,MBON13,acetylcholine,5.869383225949623,-0.0773739828171882,1.1488261073827744,-0.8300210300816938,0.0381633870005963
left_glutamate_kc_activate,left_mb_glutamate_enriched,720575940630864847,0.03610536578217167,0.01509126,0.011522484,activated,right,MBON,MBON09,MBON09,gaba,5.869383225949623,-0.0773739828171882,1.1488261073827744,-0.8300210300816938,0.0381633870005963
left_glutamate_kc_activate,left_mb_glutamate_enriched,720575940610964946,0.03454874197039696,0.014440625,0.01125913,activated,right,MBON,MBON09,MBON09,gaba,5.869383225949623,-0.0773739828171882,1.1488261073827744,-0.8300210300816938,0.0381633870005963
left_glutamate_kc_activate,left_mb_glutamate_enriched,720575940624539284,0.029905608764218796,0.012499896,0.009132271,activated,left,MBON,MBON18,MBON18,acetylcholine,5.869383225949623,-0.0773739828171882,1.1488261073827744,-0.8300210300816938,0.0381633870005963
right_alpha_prime_beta_prime_serotonin_activate,,720575940625934094,0.21861996250000001,0.17489597,0.12278176,activated,right,MBIN,DPM,DPM,dopamine,,,,,
right_alpha_prime_beta_prime_serotonin_activate,,720575940613583001,0.17287697500000002,0.13830158,0.11037867,activated,right,MBIN,APL,APL,gaba,,,,,
right_alpha_prime_beta_prime_serotonin_activate,,720575940624694503,0.0774396821,0.067338854,0.0631249,activated,left,MBON,MBON03,MBON03,glutamate,,,,,
right_alpha_prime_beta_prime_serotonin_activate,,720575940626315010,0.03191363965,0.027750991,0.025910277,activated,right,MBON,MBON13,MBON13,acetylcholine,,,,,
right_alpha_prime_beta_prime_serotonin_activate,,720575940636992368,0.031493934499999994,0.02738603,0.027130013,activated,right,MBON,MBON31,MBON31,gaba,,,,,
right_alpha_prime_beta_prime_serotonin_activate,,720575940620464321,0.028854200349999998,0.025090609,0.023919092,activated,left,MBON,MBON04,MBON04,glutamate,,,,,
right_alpha_prime_beta_prime_serotonin_activate,,720575940629856515,0.02834436395,0.024647273,0.02232745,activated,left,MBON,MBON09,MBON09,gaba,,,,,
right_alpha_prime_beta_prime_serotonin_activate,,720575940629422086,0.024944005999999998,0.02169044,0.019549802,activated,left,MBON,MBON09,MBON09,gaba,,,,,
right_alpha_prime_beta_prime_serotonin_activate,,720575940607155890,0.023281439499999997,0.02024473,0.018379752,activated,right,MBON,MBON26,MBON26,acetylcholine,,,,,
right_alpha_prime_beta_prime_serotonin_activate,,720575940623905719,0.020409947,0.01774778,0.014570935,activated,right,MBON,MBON12,MBON12,acetylcholine,,,,,
right_alpha_prime_beta_prime_serotonin_activate,,720575940626744921,0.01890103085,0.016435679,0.015267229,activated,right,MBON,MBON16,MBON16,acetylcholine,,,,,
right_alpha_prime_beta_prime_serotonin_activate,,720575940623001480,0.0177716607,0.015453618,0.012494957,activated,right,MBON,MBON12,MBON12,acetylcholine,,,,,
right_serotonin_activate_silence_left_glutamate,bilateral_memory_blunted,720575940613583001,0.24619871965815793,0.14864506,0.10413418,activated,right,MBIN,APL,APL,gaba,2.600229875195387,-5.383162446812895,1.107694149017334,0.8430979756813733,
right_serotonin_activate_silence_left_glutamate,bilateral_memory_blunted,720575940625934094,0.20919934604459237,0.1263063,0.06631608,activated,right,MBIN,DPM,DPM,dopamine,2.600229875195387,-5.383162446812895,1.107694149017334,0.8430979756813733,
right_serotonin_activate_silence_left_glutamate,bilateral_memory_blunted,720575940624694503,0.04420880129376909,0.02901253,0.022610748,activated,left,MBON,MBON03,MBON03,glutamate,2.600229875195387,-5.383162446812895,1.107694149017334,0.8430979756813733,
right_serotonin_activate_silence_left_glutamate,bilateral_memory_blunted,720575940621164720,0.03993919472614081,0.026210552,-0.0047812653,suppressed,left,MBON,MBON05,MBON05,acetylcholine,2.600229875195387,-5.383162446812895,1.107694149017334,0.8430979756813733,
right_serotonin_activate_silence_left_glutamate,bilateral_memory_blunted,720575940635063135,0.03124522161352967,0.020505033,-0.0017292765,suppressed,right,MBON,MBON22,MBON22,acetylcholine,2.600229875195387,-5.383162446812895,1.107694149017334,0.8430979756813733,
right_serotonin_activate_silence_left_glutamate,bilateral_memory_blunted,720575940617749538,0.028260567954971724,0.01854632,0.0076271663,activated,right,MBON,MBON11,MBON11,gaba,2.600229875195387,-5.383162446812895,1.107694149017334,0.8430979756813733,
right_serotonin_activate_silence_left_glutamate,bilateral_memory_blunted,720575940623381956,0.026907154521275425,0.017658127,0.008957613,activated,right,MBON,MBON07,MBON07,glutamate,2.600229875195387,-5.383162446812895,1.107694149017334,0.8430979756813733,
right_serotonin_activate_silence_left_glutamate,bilateral_memory_blunted,720575940628783363,0.02620612594136155,0.017198069,0.009699107,activated,right,MBON,MBON07,MBON07,glutamate,2.600229875195387,-5.383162446812895,1.107694149017334,0.8430979756813733,
right_serotonin_activate_silence_left_glutamate,bilateral_memory_blunted,720575940614026193,0.023182653909743445,0.015213881,0.011401858,activated,right,MBON,MBON14,MBON14,acetylcholine,2.600229875195387,-5.383162446812895,1.107694149017334,0.8430979756813733,
right_serotonin_activate_silence_left_glutamate,bilateral_memory_blunted,720575940622997453,0.022596858375008275,0.014829446,0.009695632,activated,right,MBON,MBON18,MBON18,acetylcholine,2.600229875195387,-5.383162446812895,1.107694149017334,0.8430979756813733,
right_serotonin_activate_silence_left_glutamate,bilateral_memory_blunted,720575940639697827,0.021025073116979234,0.013797944,0.010526108,activated,right,MBON,MBON14,MBON14,acetylcholine,2.600229875195387,-5.383162446812895,1.107694149017334,0.8430979756813733,
right_serotonin_activate_silence_left_glutamate,bilateral_memory_blunted,720575940626315010,0.018591999968673913,0.012201212,0.009602538,activated,right,MBON,MBON13,MBON13,acetylcholine,2.600229875195387,-5.383162446812895,1.107694149017334,0.8430979756813733,
right_serotonin_kc_activate,right_mb_serotonin_enriched,720575940613583001,0.3152092955326033,0.14862667,0.10413702,activated,right,MBIN,APL,APL,gaba,3.310999855144108,-5.354379443050295,1.1075391918420792,0.8429483436767284,0.0381633870005963
right_serotonin_kc_activate,right_mb_serotonin_enriched,720575940625934094,0.26783776773302337,0.12629017,0.0663322,activated,right,MBIN,DPM,DPM,dopamine,3.310999855144108,-5.354379443050295,1.1075391918420792,0.8429483436767284,0.0381633870005963
right_serotonin_kc_activate,right_mb_serotonin_enriched,720575940624694503,0.05660454038054107,0.029010898,0.02261238,activated,left,MBON,MBON03,MBON03,glutamate,3.310999855144108,-5.354379443050295,1.1075391918420792,0.8429483436767284,0.0381633870005963
right_serotonin_kc_activate,right_mb_serotonin_enriched,720575940621164720,0.05112477391532847,0.026202414,-0.0047731237,suppressed,left,MBON,MBON05,MBON05,acetylcholine,3.310999855144108,-5.354379443050295,1.1075391918420792,0.8429483436767284,0.0381633870005963
right_serotonin_kc_activate,right_mb_serotonin_enriched,720575940635063135,0.03999627941815708,0.02049885,-0.0017230944,suppressed,right,MBON,MBON22,MBON22,acetylcholine,3.310999855144108,-5.354379443050295,1.1075391918420792,0.8429483436767284,0.0381633870005963
right_serotonin_kc_activate,right_mb_serotonin_enriched,720575940617749538,0.03618136855894827,0.018543636,0.007629847,activated,right,MBON,MBON11,MBON11,gaba,3.310999855144108,-5.354379443050295,1.1075391918420792,0.8429483436767284,0.0381633870005963
right_serotonin_kc_activate,right_mb_serotonin_enriched,720575940623381956,0.034449194462761595,0.017655864,0.008959876,activated,right,MBON,MBON07,MBON07,glutamate,3.310999855144108,-5.354379443050295,1.1075391918420792,0.8429483436767284,0.0381633870005963
right_serotonin_kc_activate,right_mb_serotonin_enriched,720575940628783363,0.03355226367538327,0.01719617,0.009701006,activated,right,MBON,MBON07,MBON07,glutamate,3.310999855144108,-5.354379443050295,1.1075391918420792,0.8429483436767284,0.0381633870005963
right_serotonin_kc_activate,right_mb_serotonin_enriched,720575940614026193,0.029682728491464007,0.01521296,0.011402779,activated,right,MBON,MBON14,MBON14,acetylcholine,3.310999855144108,-5.354379443050295,1.1075391918420792,0.8429483436767284,0.0381633870005963
right_serotonin_kc_activate,right_mb_serotonin_enriched,720575940622997453,0.028931921089636825,0.014828157,0.009696923,activated,right,MBON,MBON18,MBON18,acetylcholine,3.310999855144108,-5.354379443050295,1.1075391918420792,0.8429483436767284,0.0381633870005963
right_serotonin_kc_activate,right_mb_serotonin_enriched,720575940639697827,0.02692030170093141,0.013797164,0.010526888,activated,right,MBON,MBON14,MBON14,acetylcholine,3.310999855144108,-5.354379443050295,1.1075391918420792,0.8429483436767284,0.0381633870005963
right_serotonin_kc_activate,right_mb_serotonin_enriched,720575940626315010,0.023804800141189263,0.0122004105,0.009602977,activated,right,MBON,MBON13,MBON13,acetylcholine,3.310999855144108,-5.354379443050295,1.1075391918420792,0.8429483436767284,0.0381633870005963
subtype_left_glutamate_enriched_kc_KCa_b_-ap1_KCapbp-ap1,,720575940620975696,0.2487220625,0.19897765,0.11585966,activated,left,MBIN,DPM,DPM,dopamine,,,,,
subtype_left_glutamate_enriched_kc_KCa_b_-ap1_KCapbp-ap1,,720575940624547622,0.18690996250000003,0.14952797,0.11787094,activated,left,MBIN,APL,APL,gaba,,,,,
subtype_left_glutamate_enriched_kc_KCa_b_-ap1_KCapbp-ap1,,720575940624590316,0.06868512655,0.059726197,0.054760102,activated,right,MBON,MBON03,MBON03,glutamate,,,,,
subtype_left_glutamate_enriched_kc_KCa_b_-ap1_KCapbp-ap1,,720575940629981440,0.037572952949999995,0.032672133,0.03140755,activated,left,MBON,MBON26,MBON26,acetylcholine,,,,,
subtype_left_glutamate_enriched_kc_KCa_b_-ap1_KCapbp-ap1,,720575940628734376,0.0341002646,0.029652404,0.028806321,activated,right,MBON,MBON04,MBON04,glutamate,,,,,
subtype_left_glutamate_enriched_kc_KCa_b_-ap1_KCapbp-ap1,,720575940610964946,0.027221784549999996,0.023671117,0.021203095,activated,right,MBON,MBON09,MBON09,gaba,,,,,
subtype_left_glutamate_enriched_kc_KCa_b_-ap1_KCapbp-ap1,,720575940630864847,0.026645880649999995,0.023170331,0.020469429,activated,right,MBON,MBON09,MBON09,gaba,,,,,
subtype_left_glutamate_enriched_kc_KCa_b_-ap1_KCapbp-ap1,,720575940614595218,0.02644052975,0.022991765,0.022511264,activated,left,MBON,MBON28,MBON28,acetylcholine,,,,,
subtype_left_glutamate_enriched_kc_KCa_b_-ap1_KCapbp-ap1,,720575940624117245,0.0254055792,0.022091808,0.0111200195,activated,right,MBON,MBON01,MBON01,glutamate,,,,,
subtype_left_glutamate_enriched_kc_KCa_b_-ap1_KCapbp-ap1,,720575940627594568,0.0246753036,0.020562753,0.017255237,activated,left,DAN,PPL103,PPL103,dopamine,,,,,
subtype_left_glutamate_enriched_kc_KCa_b_-ap1_KCapbp-ap1,,720575940621828443,0.0198485676,0.017259624,0.0146021275,activated,left,MBON,MBON12,MBON12,acetylcholine,,,,,
subtype_left_glutamate_enriched_kc_KCa_b_-ap1_KCapbp-ap1,,720575940630075703,0.01912803625,0.016633075,0.014148619,activated,left,MBON,MBON12,MBON12,acetylcholine,,,,,
subtype_left_glutamate_enriched_kc_KCa_b_-ap2_KCapbp-ap2,,720575940620975696,0.2370327375,0.18962619,0.10636238,activated,left,MBIN,DPM,DPM,dopamine,,,,,
subtype_left_glutamate_enriched_kc_KCa_b_-ap2_KCapbp-ap2,,720575940624547622,0.18093256249999998,0.14474605,0.112436436,activated,left,MBIN,APL,APL,gaba,,,,,
subtype_left_glutamate_enriched_kc_KCa_b_-ap2_KCapbp-ap2,,720575940624590316,0.0857804849,0.074591726,0.07029766,activated,right,MBON,MBON03,MBON03,glutamate,,,,,
subtype_left_glutamate_enriched_kc_KCa_b_-ap2_KCapbp-ap2,,720575940645304430,0.045384853499999996,0.03946509,0.03703921,activated,left,MBON,MBON13,MBON13,acetylcholine,,,,,
subtype_left_glutamate_enriched_kc_KCa_b_-ap2_KCapbp-ap2,,720575940610964946,0.033573536999999994,0.02919438,0.026653089,activated,right,MBON,MBON09,MBON09,gaba,,,,,
subtype_left_glutamate_enriched_kc_KCa_b_-ap2_KCapbp-ap2,,720575940630864847,0.0324751375,0.02823925,0.02546863,activated,right,MBON,MBON09,MBON09,gaba,,,,,
subtype_left_glutamate_enriched_kc_KCa_b_-ap2_KCapbp-ap2,,720575940621828443,0.025397048499999998,0.02208439,0.018316755,activated,left,MBON,MBON12,MBON12,acetylcholine,,,,,
subtype_left_glutamate_enriched_kc_KCa_b_-ap2_KCapbp-ap2,,720575940630075703,0.0249225815,0.02167181,0.01786974,activated,left,MBON,MBON12,MBON12,acetylcholine,,,,,
subtype_left_glutamate_enriched_kc_KCa_b_-ap2_KCapbp-ap2,,720575940628734376,0.022078709699999997,0.019198878,0.018050408,activated,right,MBON,MBON04,MBON04,glutamate,,,,,
subtype_left_glutamate_enriched_kc_KCa_b_-ap2_KCapbp-ap2,,720575940623377802,0.0194225409,0.016889166,0.01605063,activated,left,MBON,MBON16,MBON16,acetylcholine,,,,,
subtype_left_glutamate_enriched_kc_KCa_b_-ap2_KCapbp-ap2,,720575940624117245,0.016417480499999998,0.01427607,0.0029159088,activated,right,MBON,MBON01,MBON01,glutamate,,,,,
subtype_left_glutamate_enriched_kc_KCa_b_-ap2_KCapbp-ap2,,720575940631758393,0.016351258799999997,0.013626049,0.010426703,activated,right,DAN,PPL103,PPL103,dopamine,,,,,
subtype_left_glutamate_enriched_kc_KCa_b_-m_KCapbp-m,,720575940620975696,0.2343215,0.1874572,0.101870656,activated,left,MBIN,DPM,DPM,dopamine,,,,,
subtype_left_glutamate_enriched_kc_KCa_b_-m_KCapbp-m,,720575940624547622,0.212470625,0.1699765,0.13000159,activated,left,MBIN,APL,APL,gaba,,,,,
subtype_left_glutamate_enriched_kc_KCa_b_-m_KCapbp-m,,720575940624590316,0.07390049499999998,0.0642613,0.059323393,activated,right,MBON,MBON03,MBON03,glutamate,,,,,
subtype_left_glutamate_enriched_kc_KCa_b_-m_KCapbp-m,,720575940645304430,0.040605947999999996,0.03530952,0.03292494,activated,left,MBON,MBON13,MBON13,acetylcholine,,,,,
subtype_left_glutamate_enriched_kc_KCa_b_-m_KCapbp-m,,720575940630864847,0.035701959299999995,0.031045182,0.027770739,activated,right,MBON,MBON09,MBON09,gaba,,,,,
subtype_left_glutamate_enriched_kc_KCa_b_-m_KCapbp-m,,720575940610964946,0.03227726275,0.028067185,0.025117716,activated,right,MBON,MBON09,MBON09,gaba,,,,,
subtype_left_glutamate_enriched_kc_KCa_b_-m_KCapbp-m,,720575940660053121,0.0256481472,0.021373456,0.020062344,activated,left,DAN,PAM06,PAM06,dopamine,,,,,
subtype_left_glutamate_enriched_kc_KCa_b_-m_KCapbp-m,,720575940630075703,0.01982596665,0.017239971,0.013595973,activated,left,MBON,MBON12,MBON12,acetylcholine,,,,,
subtype_left_glutamate_enriched_kc_KCa_b_-m_KCapbp-m,,720575940621828443,0.01896908785,0.016494859,0.013136555,activated,left,MBON,MBON12,MBON12,acetylcholine,,,,,
subtype_left_glutamate_enriched_kc_KCa_b_-m_KCapbp-m,,720575940630496374,0.01690996455,0.014704317,-0.014704317,suppressed,right,MBON,MBON05,MBON05,glutamate,,,,,
subtype_left_glutamate_enriched_kc_KCa_b_-m_KCapbp-m,,720575940631758393,0.0157147596,0.013095633,0.009614332,activated,right,DAN,PPL103,PPL103,dopamine,,,,,
subtype_left_glutamate_enriched_kc_KCa_b_-m_KCapbp-m,,720575940638774606,0.013913262349999999,0.012098489,0.011406425,activated,left,MBON,MBON17,MBON17,acetylcholine,,,,,
subtype_left_glutamate_enriched_kc_KCab-c_KCab,,720575940624547622,0.2544734125,0.20357873,0.11405723,activated,left,MBIN,APL,APL,gaba,,,,,
subtype_left_glutamate_enriched_kc_KCab-c_KCab,,720575940620975696,0.1091799625,0.08734397,-0.006284902,suppressed,left,MBIN,DPM,DPM,dopamine,,,,,
subtype_left_glutamate_enriched_kc_KCab-c_KCab,,720575940638028607,0.050329175,0.0437645,0.018964626,activated,right,MBON,MBON06,MBON06,glutamate,,,,,
subtype_left_glutamate_enriched_kc_KCab-c_KCab,,720575940617302365,0.034425203999999994,0.02993496,0.020166876,activated,left,MBON,MBON07,MBON07,glutamate,,,,,
subtype_left_glutamate_enriched_kc_KCab-c_KCab,,720575940652390134,0.03397904425,0.029546995,0.01974018,activated,left,MBON,MBON07,MBON07,glutamate,,,,,
subtype_left_glutamate_enriched_kc_KCab-c_KCab,,720575940616463477,0.030135013999999998,0.02620436,0.006789533,activated,left,MBON,MBON22,MBON22,acetylcholine,,,,,
subtype_left_glutamate_enriched_kc_KCab-c_KCab,,720575940630496374,0.026841691149999996,0.023340601,-0.023340601,suppressed,right,MBON,MBON05,MBON05,glutamate,,,,,
subtype_left_glutamate_enriched_kc_KCab-c_KCab,,720575940643696288,0.0246301825,0.02141755,0.017278988,activated,left,MBON,MBON14,MBON14,acetylcholine,,,,,
subtype_left_glutamate_enriched_kc_KCab-c_KCab,,720575940624539284,0.023409333299999998,0.020355942,0.015489272,activated,left,MBON,MBON18,MBON18,acetylcholine,,,,,
subtype_left_glutamate_enriched_kc_KCab-c_KCab,,720575940632535756,0.0216196895,0.01879973,0.014601495,activated,left,MBON,MBON14,MBON14,acetylcholine,,,,,
subtype_left_glutamate_enriched_kc_KCab-c_KCab,,720575940623201833,0.013543459149999998,0.011776921,0.0016650353,activated,left,MBON,MBON11,MBON11,gaba,,,,,
subtype_left_glutamate_enriched_kc_KCab-c_KCab,,720575940621040737,0.0125645352,0.010470446,0.0041935053,activated,left,DAN,PPL101,PPL101,dopamine,,,,,
subtype_left_glutamate_enriched_kc_KCab-m_KCab,,720575940624547622,0.16374865,0.13099892,0.07804084,activated,left,MBIN,APL,APL,gaba,,,,,
subtype_left_glutamate_enriched_kc_KCab-m_KCab,,720575940620975696,0.143784725,0.11502778,0.02770401,activated,left,MBIN,DPM,DPM,dopamine,,,,,
subtype_left_glutamate_enriched_kc_KCab-m_KCab,,720575940638028607,0.05946507399999999,0.05170876,0.03603619,activated,right,MBON,MBON06,MBON06,glutamate,,,,,
subtype_left_glutamate_enriched_kc_KCab-m_KCab,,720575940616463477,0.0403702762,0.035104588,0.01578748,activated,left,MBON,MBON22,MBON22,acetylcholine,,,,,
subtype_left_glutamate_enriched_kc_KCab-m_KCab,,720575940617302365,0.037611394,0.03270556,0.024621146,activated,left,MBON,MBON07,MBON07,glutamate,,,,,
subtype_left_glutamate_enriched_kc_KCab-m_KCab,,720575940624539284,0.036660730399999994,0.031878896,0.027787676,activated,left,MBON,MBON18,MBON18,acetylcholine,,,,,
subtype_left_glutamate_enriched_kc_KCab-m_KCab,,720575940652390134,0.0332430017,0.028906958,0.02081518,activated,left,MBON,MBON07,MBON07,glutamate,,,,,
subtype_left_glutamate_enriched_kc_KCab-m_KCab,,720575940643696288,0.033026983399999994,0.028719116,0.025975242,activated,left,MBON,MBON14,MBON14,acetylcholine,,,,,
subtype_left_glutamate_enriched_kc_KCab-m_KCab,,720575940632535756,0.030666776299999997,0.026666762,0.023347864,activated,left,MBON,MBON14,MBON14,acetylcholine,,,,,
subtype_left_glutamate_enriched_kc_KCab-m_KCab,,720575940630496374,0.020152977199999998,0.017524328,-0.017524328,suppressed,right,MBON,MBON05,MBON05,glutamate,,,,,
subtype_left_glutamate_enriched_kc_KCab-m_KCab,,720575940623201833,0.01984428385,0.017255899,0.009652551,activated,left,MBON,MBON11,MBON11,gaba,,,,,
subtype_left_glutamate_enriched_kc_KCab-m_KCab,,720575940617552340,0.014792768549999998,0.012863277,0.010242893,activated,right,MBON,MBON02,MBON02,gaba,,,,,
subtype_left_glutamate_enriched_kc_KCab-p_KCab-p,,720575940624547622,0.181721725,0.14537738,0.093270235,activated,left,MBIN,APL,APL,gaba,,,,,
subtype_left_glutamate_enriched_kc_KCab-p_KCab-p,,720575940620975696,0.1628029,0.13024232,0.041658517,activated,left,MBIN,DPM,DPM,dopamine,,,,,
subtype_left_glutamate_enriched_kc_KCab-p_KCab-p,,720575940638028607,0.0911878585,0.07929379,0.06462269,activated,right,MBON,MBON06,MBON06,glutamate,,,,,
subtype_left_glutamate_enriched_kc_KCab-p_KCab-p,,720575940617302365,0.0364371405,0.03168447,0.022624856,activated,left,MBON,MBON07,MBON07,glutamate,,,,,
subtype_left_glutamate_enriched_kc_KCab-p_KCab-p,,720575940652390134,0.02918761755,0.025380537,0.016177908,activated,left,MBON,MBON07,MBON07,glutamate,,,,,
subtype_left_glutamate_enriched_kc_KCab-p_KCab-p,,720575940628427369,0.0273060564,0.022755047,0.0225048,activated,left,DAN,PAM09,PAM09,dopamine,,,,,
subtype_left_glutamate_enriched_kc_KCab-p_KCab-p,,720575940630496374,0.020160746599999998,0.017531084,-0.017531084,suppressed,right,MBON,MBON05,MBON05,glutamate,,,,,
subtype_left_glutamate_enriched_kc_KCab-p_KCab-p,,720575940624442564,0.019736543999999998,0.01644712,0.016257273,activated,right,DAN,PAM09,PAM09,dopamine,,,,,
subtype_left_glutamate_enriched_kc_KCab-p_KCab-p,,720575940621861637,0.016284718799999997,0.013570599,0.013436056,activated,right,DAN,PAM09,PAM09,dopamine,,,,,
subtype_left_glutamate_enriched_kc_KCab-p_KCab-p,,720575940632535756,0.014348871999999999,0.01247728,0.0073574306,activated,left,MBON,MBON14,MBON14,acetylcholine,,,,,
subtype_left_glutamate_enriched_kc_KCab-p_KCab-p,,720575940628996455,0.013174518,0.010978765,0.010738057,activated,right,DAN,PAM09,PAM09,dopamine,,,,,
subtype_left_glutamate_enriched_kc_KCab-p_KCab-p,,720575940624661031,0.0129805776,0.010817148,0.0104343295,activated,right,DAN,PAM10,PAM10,dopamine,,,,,
subtype_left_glutamate_enriched_kc_KCab-s_KCab,,720575940624547622,0.1595664375,0.12765315,0.08029539,activated,left,MBIN,APL,APL,gaba,,,,,
subtype_left_glutamate_enriched_kc_KCab-s_KCab,,720575940620975696,0.1583308,0.12666464,0.039756373,activated,left,MBIN,DPM,DPM,dopamine,,,,,
subtype_left_glutamate_enriched_kc_KCab-s_KCab,,720575940638028607,0.06431404669999999,0.055925258,0.04185912,activated,right,MBON,MBON06,MBON06,glutamate,,,,,
subtype_left_glutamate_enriched_kc_KCab-s_KCab,,720575940617302365,0.0408966105,0.03556227,0.027683081,activated,left,MBON,MBON07,MBON07,glutamate,,,,,
subtype_left_glutamate_enriched_kc_KCab-s_KCab,,720575940652390134,0.039612066249999994,0.034445275,0.026656158,activated,left,MBON,MBON07,MBON07,glutamate,,,,,
subtype_left_glutamate_enriched_kc_KCab-s_KCab,,720575940624539284,0.03322867155,0.028894497,0.024971245,activated,left,MBON,MBON18,MBON18,acetylcholine,,,,,
subtype_left_glutamate_enriched_kc_KCab-s_KCab,,720575940632535756,0.03152305365,0.027411351,0.024042489,activated,left,MBON,MBON14,MBON14,acetylcholine,,,,,
subtype_left_glutamate_enriched_kc_KCab-s_KCab,,720575940643696288,0.029913333099999998,0.026011594,0.023298334,activated,left,MBON,MBON14,MBON14,acetylcholine,,,,,
subtype_left_glutamate_enriched_kc_KCab-s_KCab,,720575940617552340,0.022280157499999998,0.01937405,0.016804438,activated,right,MBON,MBON02,MBON02,gaba,,,,,
subtype_left_glutamate_enriched_kc_KCab-s_KCab,,720575940616463477,0.021120877,0.01836598,-0.0017506788,suppressed,left,MBON,MBON22,MBON22,acetylcholine,,,,,
subtype_left_glutamate_enriched_kc_KCab-s_KCab,,720575940631177803,0.0200901619,0.017469706,0.014861586,activated,left,MBON,MBON24,MBON24,acetylcholine,,,,,
subtype_left_glutamate_enriched_kc_KCab-s_KCab,,720575940630496374,0.0185985636,0.016172664,-0.016172664,suppressed,right,MBON,MBON05,MBON05,glutamate,,,,,
subtype_right_serotonin_enriched_kc_KCa_b_-ap1_KCapbp-ap1,,720575940625934094,0.20039512499999998,0.1603161,0.109421805,activated,right,MBIN,DPM,DPM,dopamine,,,,,
subtype_right_serotonin_enriched_kc_KCa_b_-ap1_KCapbp-ap1,,720575940613583001,0.164759025,0.13180722,0.10380582,activated,right,MBIN,APL,APL,gaba,,,,,
subtype_right_serotonin_enriched_kc_KCa_b_-ap1_KCapbp-ap1,,720575940624694503,0.059445616,0.05169184,0.047116738,activated,left,MBON,MBON03,MBON03,glutamate,,,,,
subtype_right_serotonin_enriched_kc_KCa_b_-ap1_KCapbp-ap1,,720575940607155890,0.05894098679999999,0.051253032,0.049092863,activated,right,MBON,MBON26,MBON26,acetylcholine,,,,,
subtype_right_serotonin_enriched_kc_KCa_b_-ap1_KCapbp-ap1,,720575940636992368,0.050497489,0.04391086,0.04391086,activated,right,MBON,MBON31,MBON31,gaba,,,,,
subtype_right_serotonin_enriched_kc_KCa_b_-ap1_KCapbp-ap1,,720575940620464321,0.042210195699999994,0.036704518,0.035403144,activated,left,MBON,MBON04,MBON04,glutamate,,,,,
subtype_right_serotonin_enriched_kc_KCa_b_-ap1_KCapbp-ap1,,720575940626744921,0.0296435339,0.025776986,0.02467383,activated,right,MBON,MBON16,MBON16,acetylcholine,,,,,
subtype_right_serotonin_enriched_kc_KCa_b_-ap1_KCapbp-ap1,,720575940614892182,0.0289332065,0.02515931,0.024627341,activated,right,MBON,MBON28,MBON28,acetylcholine,,,,,
subtype_right_serotonin_enriched_kc_KCa_b_-ap1_KCapbp-ap1,,720575940629856515,0.02886215605,0.025097527,0.022863481,activated,left,MBON,MBON09,MBON09,gaba,,,,,
subtype_right_serotonin_enriched_kc_KCa_b_-ap1_KCapbp-ap1,,720575940627594568,0.022902884399999997,0.019085737,0.01648249,activated,left,DAN,PPL103,PPL103,dopamine,,,,,
subtype_right_serotonin_enriched_kc_KCa_b_-ap1_KCapbp-ap1,,720575940623905719,0.02265785315,0.019702481,0.017469881,activated,right,MBON,MBON12,MBON12,acetylcholine,,,,,
subtype_right_serotonin_enriched_kc_KCa_b_-ap1_KCapbp-ap1,,720575940629422086,0.0199048371,0.017308554,0.015231605,activated,left,MBON,MBON09,MBON09,gaba,,,,,
subtype_right_serotonin_enriched_kc_KCa_b_-ap2_KCapbp-ap2,,720575940625934094,0.21883227500000002,0.17506582,0.12460745,activated,right,MBIN,DPM,DPM,dopamine,,,,,
subtype_right_serotonin_enriched_kc_KCa_b_-ap2_KCapbp-ap2,,720575940613583001,0.15849837499999997,0.1267987,0.10217929,activated,right,MBIN,APL,APL,gaba,,,,,
subtype_right_serotonin_enriched_kc_KCa_b_-ap2_KCapbp-ap2,,720575940624694503,0.09266608,0.0805792,0.07666202,activated,left,MBON,MBON03,MBON03,glutamate,,,,,
subtype_right_serotonin_enriched_kc_KCa_b_-ap2_KCapbp-ap2,,720575940626315010,0.03646116055,0.031705357,0.029179705,activated,right,MBON,MBON13,MBON13,acetylcholine,,,,,
subtype_right_serotonin_enriched_kc_KCa_b_-ap2_KCapbp-ap2,,720575940636992368,0.03414206365,0.029688751,0.02911731,activated,right,MBON,MBON31,MBON31,gaba,,,,,
subtype_right_serotonin_enriched_kc_KCa_b_-ap2_KCapbp-ap2,,720575940629856515,0.028821940549999998,0.025062557,0.022911642,activated,left,MBON,MBON09,MBON09,gaba,,,,,
subtype_right_serotonin_enriched_kc_KCa_b_-ap2_KCapbp-ap2,,720575940620464321,0.027061748249999996,0.023531955,0.022630982,activated,left,MBON,MBON04,MBON04,glutamate,,,,,
subtype_right_serotonin_enriched_kc_KCa_b_-ap2_KCapbp-ap2,,720575940626744921,0.025403684,0.02209016,0.020994503,activated,right,MBON,MBON16,MBON16,acetylcholine,,,,,
subtype_right_serotonin_enriched_kc_KCa_b_-ap2_KCapbp-ap2,,720575940629422086,0.024798185999999996,0.02156364,0.019593632,activated,left,MBON,MBON09,MBON09,gaba,,,,,
subtype_right_serotonin_enriched_kc_KCa_b_-ap2_KCapbp-ap2,,720575940623905719,0.0231600938,0.020139212,0.016094828,activated,right,MBON,MBON12,MBON12,acetylcholine,,,,,
subtype_right_serotonin_enriched_kc_KCa_b_-ap2_KCapbp-ap2,,720575940623001480,0.0221922055,0.01929757,0.015451464,activated,right,MBON,MBON12,MBON12,acetylcholine,,,,,
subtype_right_serotonin_enriched_kc_KCa_b_-ap2_KCapbp-ap2,,720575940627594568,0.01490001,0.012416675,0.009845026,activated,left,DAN,PPL103,PPL103,dopamine,,,,,
subtype_right_serotonin_enriched_kc_KCa_b_-m_KCapbp-m,,720575940625934094,0.23513496250000002,0.18810797,0.13399732,activated,right,MBIN,DPM,DPM,dopamine,,,,,
subtype_right_serotonin_enriched_kc_KCa_b_-m_KCapbp-m,,720575940613583001,0.1949695,0.1559756,0.1253254,activated,right,MBIN,APL,APL,gaba,,,,,
subtype_right_serotonin_enriched_kc_KCa_b_-m_KCapbp-m,,720575940624694503,0.079453477,0.06908998,0.06460433,activated,left,MBON,MBON03,MBON03,glutamate,,,,,
subtype_right_serotonin_enriched_kc_KCa_b_-m_KCapbp-m,,720575940626315010,0.0447928726,0.038950324,0.03707488,activated,right,MBON,MBON13,MBON13,acetylcholine,,,,,
subtype_right_serotonin_enriched_kc_KCa_b_-m_KCapbp-m,,720575940629422086,0.02981712755,0.025927937,0.023593083,activated,left,MBON,MBON09,MBON09,gaba,,,,,
subtype_right_serotonin_enriched_kc_KCa_b_-m_KCapbp-m,,720575940629856515,0.027346553799999996,0.023779612,0.021249767,activated,left,MBON,MBON09,MBON09,gaba,,,,,
subtype_right_serotonin_enriched_kc_KCa_b_-m_KCapbp-m,,720575940617760257,0.021088573499999996,0.01833789,0.017571473,activated,right,MBON,MBON17,MBON17,acetylcholine,,,,,
subtype_right_serotonin_enriched_kc_KCa_b_-m_KCapbp-m,,720575940620464321,0.018027771449999997,0.015676323,0.014376098,activated,left,MBON,MBON04,MBON04,glutamate,,,,,
subtype_right_serotonin_enriched_kc_KCa_b_-m_KCapbp-m,,720575940623905719,0.01553616765,0.013509711,0.010249687,activated,right,MBON,MBON12,MBON12,acetylcholine,,,,,
subtype_right_serotonin_enriched_kc_KCa_b_-m_KCapbp-m,,720575940627594568,0.014769334799999999,0.012307779,0.009549075,activated,left,DAN,PPL103,PPL103,dopamine,,,,,
subtype_right_serotonin_enriched_kc_KCa_b_-m_KCapbp-m,,720575940621164720,0.0138463979,0.012040346,-0.012040346,suppressed,left,MBON,MBON05,MBON05,acetylcholine,,,,,
subtype_right_serotonin_enriched_kc_KCa_b_-m_KCapbp-m,,720575940623001480,0.0138071737,0.012006238,0.009046391,activated,right,MBON,MBON12,MBON12,acetylcholine,,,,,
subtype_right_serotonin_enriched_kc_KCab-c_KCab,,720575940613583001,0.24882923750000002,0.19906339,0.12954336,activated,right,MBIN,APL,APL,gaba,,,,,
subtype_right_serotonin_enriched_kc_KCab-c_KCab,,720575940625934094,0.0955732125,0.07645857,0.0074600913,activated,right,MBIN,DPM,DPM,dopamine,,,,,
subtype_right_serotonin_enriched_kc_KCab-c_KCab,,720575940635063135,0.04500715439999999,0.039136656,0.018534325,activated,right,MBON,MBON22,MBON22,acetylcholine,,,,,
subtype_right_serotonin_enriched_kc_KCab-c_KCab,,720575940622997453,0.04025980604999999,0.035008527,0.027838051,activated,right,MBON,MBON18,MBON18,acetylcholine,,,,,
subtype_right_serotonin_enriched_kc_KCab-c_KCab,,720575940628783363,0.033900417599999996,0.029478624,0.019319896,activated,right,MBON,MBON07,MBON07,glutamate,,,,,
subtype_right_serotonin_enriched_kc_KCab-c_KCab,,720575940623381956,0.03199511025,0.027821835,0.01691014,activated,right,MBON,MBON07,MBON07,glutamate,,,,,
subtype_right_serotonin_enriched_kc_KCab-c_KCab,,720575940639697827,0.0269924182,0.023471668,0.018844716,activated,right,MBON,MBON14,MBON14,acetylcholine,,,,,
subtype_right_serotonin_enriched_kc_KCab-c_KCab,,720575940617749538,0.0256621741,0.022314934,0.0050418116,activated,right,MBON,MBON11,MBON11,gaba,,,,,
subtype_right_serotonin_enriched_kc_KCab-c_KCab,,720575940614026193,0.025152798849999998,0.021871999,0.016575325,activated,right,MBON,MBON14,MBON14,acetylcholine,,,,,
subtype_right_serotonin_enriched_kc_KCab-c_KCab,,720575940621164720,0.022708043749999997,0.019746125,-0.019746125,suppressed,left,MBON,MBON05,MBON05,acetylcholine,,,,,
subtype_right_serotonin_enriched_kc_KCab-c_KCab,,720575940617552340,0.0224067679,0.019484146,0.014896629,activated,right,MBON,MBON02,MBON02,gaba,,,,,
subtype_right_serotonin_enriched_kc_KCab-c_KCab,,720575940618943389,0.020555952,0.01712996,0.01355396,activated,right,DAN,PPL106,PPL106,dopamine,,,,,
subtype_right_serotonin_enriched_kc_KCab-m_KCab,,720575940613583001,0.169625025,0.13570002,0.08253898,activated,right,MBIN,APL,APL,gaba,,,,,
subtype_right_serotonin_enriched_kc_KCab-m_KCab,,720575940625934094,0.10856778750000001,0.08685423,0.025306523,activated,right,MBIN,DPM,DPM,dopamine,,,,,
subtype_right_serotonin_enriched_kc_KCab-m_KCab,,720575940623381956,0.04338220095,0.037723653,0.028253257,activated,right,MBON,MBON07,MBON07,glutamate,,,,,
subtype_right_serotonin_enriched_kc_KCab-m_KCab,,720575940639697827,0.042124017,0.03662958,0.032889277,activated,right,MBON,MBON14,MBON14,acetylcholine,,,,,
subtype_right_serotonin_enriched_kc_KCab-m_KCab,,720575940622997453,0.041332633,0.03594142,0.030035492,activated,right,MBON,MBON18,MBON18,acetylcholine,,,,,
subtype_right_serotonin_enriched_kc_KCab-m_KCab,,720575940635063135,0.040678122,0.03537228,0.015309984,activated,right,MBON,MBON22,MBON22,acetylcholine,,,,,
subtype_right_serotonin_enriched_kc_KCab-m_KCab,,720575940628783363,0.040196961999999996,0.03495388,0.0265246,activated,right,MBON,MBON07,MBON07,glutamate,,,,,
subtype_right_serotonin_enriched_kc_KCab-m_KCab,,720575940614026193,0.0369920661,0.032167014,0.027999483,activated,right,MBON,MBON14,MBON14,acetylcholine,,,,,
subtype_right_serotonin_enriched_kc_KCab-m_KCab,,720575940617749538,0.031838831,0.02768594,0.01519905,activated,right,MBON,MBON11,MBON11,gaba,,,,,
subtype_right_serotonin_enriched_kc_KCab-m_KCab,,720575940617552340,0.02252520065,0.019587131,0.016100379,activated,right,MBON,MBON02,MBON02,gaba,,,,,
subtype_right_serotonin_enriched_kc_KCab-m_KCab,,720575940621164720,0.0196116446,0.017053604,-0.017053604,suppressed,left,MBON,MBON05,MBON05,acetylcholine,,,,,
subtype_right_serotonin_enriched_kc_KCab-m_KCab,,720575940638163428,0.0194297399,0.016895426,0.008295756,activated,left,MBON,MBON06,MBON06,glutamate,,,,,
subtype_right_serotonin_enriched_kc_KCab-p_KCab-p,,720575940613583001,0.206586325,0.16526906,0.116230756,activated,right,MBIN,APL,APL,gaba,,,,,
subtype_right_serotonin_enriched_kc_KCab-p_KCab-p,,720575940625934094,0.149230175,0.11938414,0.05636802,activated,right,MBIN,DPM,DPM,dopamine,,,,,
subtype_right_serotonin_enriched_kc_KCab-p_KCab-p,,720575940628783363,0.03405355735,0.029611789,0.021624438,activated,right,MBON,MBON07,MBON07,glutamate,,,,,
subtype_right_serotonin_enriched_kc_KCab-p_KCab-p,,720575940623381956,0.0307414504,0.026731696,0.017355286,activated,right,MBON,MBON07,MBON07,glutamate,,,,,
subtype_right_serotonin_enriched_kc_KCab-p_KCab-p,,720575940638163428,0.029616587099999998,0.025753554,0.01714189,activated,left,MBON,MBON06,MBON06,glutamate,,,,,
subtype_right_serotonin_enriched_kc_KCab-p_KCab-p,,720575940618842929,0.0292806564,0.024400547,0.024028713,activated,left,DAN,PAM09,PAM09,dopamine,,,,,
subtype_right_serotonin_enriched_kc_KCab-p_KCab-p,,720575940621861637,0.027413481599999998,0.022844568,0.022391351,activated,right,DAN,PAM09,PAM09,dopamine,,,,,
subtype_right_serotonin_enriched_kc_KCab-p_KCab-p,,720575940614026193,0.020699609,0.01799966,0.013576154,activated,right,MBON,MBON14,MBON14,acetylcholine,,,,,
subtype_right_serotonin_enriched_kc_KCab-p_KCab-p,,720575940621164720,0.019742993,0.01716782,-0.01716782,suppressed,left,MBON,MBON05,MBON05,acetylcholine,,,,,
subtype_right_serotonin_enriched_kc_KCab-p_KCab-p,,720575940617749538,0.01638713315,0.014249681,0.0006445707,activated,right,MBON,MBON11,MBON11,gaba,,,,,
subtype_right_serotonin_enriched_kc_KCab-p_KCab-p,,720575940617552340,0.015113819799999999,0.013142452,0.00949681,activated,right,MBON,MBON02,MBON02,gaba,,,,,
subtype_right_serotonin_enriched_kc_KCab-p_KCab-p,,720575940618943389,0.014566955999999999,0.01213913,0.0093085915,activated,right,DAN,PPL106,PPL106,dopamine,,,,,
subtype_right_serotonin_enriched_kc_KCab-s_KCab,,720575940613583001,0.1533784875,0.12270279,0.073658615,activated,right,MBIN,APL,APL,gaba,,,,,
subtype_right_serotonin_enriched_kc_KCab-s_KCab,,720575940625934094,0.112233725,0.08978698,0.029636312,activated,right,MBIN,DPM,DPM,dopamine,,,,,
subtype_right_serotonin_enriched_kc_KCab-s_KCab,,720575940614026193,0.04911428395,0.042708073,0.038757894,activated,right,MBON,MBON14,MBON14,acetylcholine,,,,,
subtype_right_serotonin_enriched_kc_KCab-s_KCab,,720575940628783363,0.042195492949999996,0.036691733,0.028868658,activated,right,MBON,MBON07,MBON07,glutamate,,,,,
subtype_right_serotonin_enriched_kc_KCab-s_KCab,,720575940623381956,0.0420570985,0.03657139,0.027356796,activated,right,MBON,MBON07,MBON07,glutamate,,,,,
subtype_right_serotonin_enriched_kc_KCab-s_KCab,,720575940639697827,0.04037561794999999,0.035109233,0.03155162,activated,right,MBON,MBON14,MBON14,acetylcholine,,,,,
subtype_right_serotonin_enriched_kc_KCab-s_KCab,,720575940622997453,0.034368514749999995,0.029885665,0.024249263,activated,right,MBON,MBON18,MBON18,acetylcholine,,,,,
subtype_right_serotonin_enriched_kc_KCab-s_KCab,,720575940617749538,0.027993035499999996,0.02434177,0.012654969,activated,right,MBON,MBON11,MBON11,gaba,,,,,
subtype_right_serotonin_enriched_kc_KCab-s_KCab,,720575940617552340,0.02739332545,0.023820283,0.020655943,activated,right,MBON,MBON02,MBON02,gaba,,,,,
subtype_right_serotonin_enriched_kc_KCab-s_KCab,,720575940638163428,0.025286179299999996,0.021987982,0.013920616,activated,left,MBON,MBON06,MBON06,glutamate,,,,,
subtype_right_serotonin_enriched_kc_KCab-s_KCab,,720575940618943389,0.0241190916,0.020099243,0.017601222,activated,right,DAN,PPL106,PPL106,dopamine,,,,,
subtype_right_serotonin_enriched_kc_KCab-s_KCab,,720575940635063135,0.020589534449999995,0.017903943,-0.002942028,suppressed,right,MBON,MBON22,MBON22,acetylcholine,,,,,
subtype_right_serotonin_enriched_kc_KCg-d_KCg-d,,720575940613583001,0.2054944125,0.16439553,0.1029882,activated,right,MBIN,APL,APL,gaba,,,,,
subtype_right_serotonin_enriched_kc_KCg-d_KCg-d,,720575940625934094,0.1165909375,0.09327275,0.031543255,activated,right,MBIN,DPM,DPM,dopamine,,,,,
subtype_right_serotonin_enriched_kc_KCg-d_KCg-d,,720575940621164720,0.093177899,0.08102426,0.04850179,activated,left,MBON,MBON05,MBON05,acetylcholine,,,,,
subtype_right_serotonin_enriched_kc_KCg-d_KCg-d,,720575940618249797,0.0693796265,0.06033011,0.058551848,activated,right,MBON,MBON27,MBON27,acetylcholine,,,,,
subtype_right_serotonin_enriched_kc_KCg-d_KCg-d,,720575940617749538,0.0424159468,0.036883432,0.024694538,activated,right,MBON,MBON11,MBON11,gaba,,,,,
subtype_right_serotonin_enriched_kc_KCg-d_KCg-d,,720575940630864847,0.0331066945,0.02878843,0.021649398,activated,right,MBON,MBON09,MBON09,gaba,,,,,
subtype_right_serotonin_enriched_kc_KCg-d_KCg-d,,720575940610964946,0.030614926249999997,0.026621675,0.019583423,activated,right,MBON,MBON09,MBON09,gaba,,,,,
subtype_right_serotonin_enriched_kc_KCg-d_KCg-d,,720575940643309197,0.0212283169,0.018459406,0.010978337,activated,left,MBON,MBON01,MBON01,glutamate,,,,,
subtype_right_serotonin_enriched_kc_KCg-d_KCg-d,,720575940635063135,0.01870793435,0.016267769,-0.0050814277,suppressed,right,MBON,MBON22,MBON22,acetylcholine,,,,,
subtype_right_serotonin_enriched_kc_KCg-d_KCg-d,,720575940638526278,0.013145600549999999,0.011430957,0.009764214,activated,right,MBON,MBON32,MBON32,gaba,,,,,
subtype_right_serotonin_enriched_kc_KCg-d_KCg-d,,720575940607155890,0.01226230395,0.010662873,0.006755016,activated,right,MBON,MBON26,MBON26,acetylcholine,,,,,
subtype_right_serotonin_enriched_kc_KCg-d_KCg-d,,720575940637934308,0.011212251599999999,0.009749784,0.00033265632,activated,right,MBON,MBON30,MBON30,glutamate,,,,,
subtype_right_serotonin_enriched_kc_KCg-m_KCg-m,,720575940613583001,0.2299201125,0.18393609,0.123144485,activated,right,MBIN,APL,APL,gaba,,,,,
subtype_right_serotonin_enriched_kc_KCg-m_KCg-m,,720575940625934094,0.14041325,0.1123306,0.049998686,activated,right,MBIN,DPM,DPM,dopamine,,,,,
subtype_right_serotonin_enriched_kc_KCg-m_KCg-m,,720575940621164720,0.1003145345,0.08723003,0.054486006,activated,left,MBON,MBON05,MBON05,acetylcholine,,,,,
subtype_right_serotonin_enriched_kc_KCg-m_KCg-m,,720575940617749538,0.0537984536,0.046781264,0.034633428,activated,right,MBON,MBON11,MBON11,gaba,,,,,
subtype_right_serotonin_enriched_kc_KCg-m_KCg-m,,720575940610964946,0.0377437705,0.03282067,0.025900636,activated,right,MBON,MBON09,MBON09,gaba,,,,,
subtype_right_serotonin_enriched_kc_KCg-m_KCg-m,,720575940630864847,0.03365013965,0.029260991,0.02224561,activated,right,MBON,MBON09,MBON09,gaba,,,,,
subtype_right_serotonin_enriched_kc_KCg-m_KCg-m,,720575940635063135,0.032411657499999996,0.02818405,0.006343124,activated,right,MBON,MBON22,MBON22,acetylcholine,,,,,
subtype_right_serotonin_enriched_kc_KCg-m_KCg-m,,720575940637934308,0.028033582199999997,0.024377028,0.015222439,activated,right,MBON,MBON30,MBON30,glutamate,,,,,
subtype_right_serotonin_enriched_kc_KCg-m_KCg-m,,720575940621040737,0.018347073,0.0152892275,0.010477328,activated,left,DAN,PPL101,PPL101,dopamine,,,,,
subtype_right_serotonin_enriched_kc_KCg-m_KCg-m,,720575940621777391,0.017102345749999998,0.014871605,0.010894949,activated,right,MBON,MBON21,MBON21,acetylcholine,,,,,
subtype_right_serotonin_enriched_kc_KCg-m_KCg-m,,720575940643309197,0.01623837835,0.014120329,0.0064929132,activated,left,MBON,MBON01,MBON01,glutamate,,,,,
subtype_right_serotonin_enriched_kc_KCg-m_KCg-m,,720575940638526278,0.01488834735,0.012946389,0.011274169,activated,right,MBON,MBON32,MBON32,gaba,,,,,
