odor_identity,glomerulus,relative_weight,neuron_role,root_id,side,cell_class,cell_type,hemibrain_type,top_nt,seed_weight,selection_status
OCT_3-octanol,DM6,1.0,ORN,720575940609590596,left,olfactory,ORN_DM6,ORN_DM6,acetylcholine,0.019230769230769232,selected
OCT_3-octanol,DM6,1.0,ORN,720575940611885541,left,olfactory,ORN_DM6,ORN_DM6,acetylcholine,0.019230769230769232,selected
OCT_3-octanol,DM6,1.0,ORN,720575940616551563,left,olfactory,ORN_DM6,ORN_DM6,acetylcholine,0.019230769230769232,selected
OCT_3-octanol,DM6,1.0,ORN,720575940617022277,left,olfactory,ORN_DM6,ORN_DM6,acetylcholine,0.019230769230769232,selected
OCT_3-octanol,DM6,1.0,ORN,720575940617089876,left,olfactory,ORN_DM6,ORN_DM6,acetylcholine,0.019230769230769232,selected
OCT_3-octanol,DM6,1.0,ORN,720575940617308673,left,olfactory,ORN_DM6,ORN_DM6,acetylcholine,0.019230769230769232,selected
OCT_3-octanol,DM6,1.0,ORN,720575940617479169,left,olfactory,ORN_DM6,ORN_DM6,acetylcholine,0.019230769230769232,selected
OCT_3-octanol,DM6,1.0,ORN,720575940617598621,left,olfactory,ORN_DM6,ORN_DM6,acetylcholine,0.019230769230769232,selected
OCT_3-octanol,DM6,1.0,ORN,720575940619903664,left,olfactory,ORN_DM6,ORN_DM6,acetylcholine,0.019230769230769232,selected
OCT_3-octanol,DM6,1.0,ORN,720575940619937140,left,olfactory,ORN_DM6,ORN_DM6,acetylcholine,0.019230769230769232,selected
OCT_3-octanol,DM6,1.0,ORN,720575940620146523,left,olfactory,ORN_DM6,ORN_DM6,acetylcholine,0.019230769230769232,selected
OCT_3-octanol,DM6,1.0,ORN,720575940620421255,left,olfactory,ORN_DM6,ORN_DM6,acetylcholine,0.019230769230769232,selected
OCT_3-octanol,DM6,1.0,ORN,720575940620750716,left,olfactory,ORN_DM6,ORN_DM6,acetylcholine,0.019230769230769232,selected
OCT_3-octanol,DM6,1.0,ORN,720575940620805545,left,olfactory,ORN_DM6,ORN_DM6,acetylcholine,0.019230769230769232,selected
OCT_3-octanol,DM6,1.0,ORN,720575940621929471,left,olfactory,ORN_DM6,ORN_DM6,acetylcholine,0.019230769230769232,selected
OCT_3-octanol,DM6,1.0,ORN,720575940622269734,left,olfactory,ORN_DM6,ORN_DM6,acetylcholine,0.019230769230769232,selected
OCT_3-octanol,DM6,1.0,ORN,720575940622751270,left,olfactory,ORN_DM6,ORN_DM6,acetylcholine,0.019230769230769232,selected
OCT_3-octanol,DM6,1.0,ORN,720575940625613514,left,olfactory,ORN_DM6,ORN_DM6,acetylcholine,0.019230769230769232,selected
OCT_3-octanol,DM6,1.0,ORN,720575940627431080,left,olfactory,ORN_DM6,ORN_DM6,acetylcholine,0.019230769230769232,selected
OCT_3-octanol,DM6,1.0,ORN,720575940627948111,left,olfactory,ORN_DM6,ORN_DM6,acetylcholine,0.019230769230769232,selected
OCT_3-octanol,DM6,1.0,ORN,720575940628009771,left,olfactory,ORN_DM6,ORN_DM6,acetylcholine,0.019230769230769232,selected
OCT_3-octanol,DM6,1.0,ORN,720575940628198759,left,olfactory,ORN_DM6,ORN_DM6,acetylcholine,0.019230769230769232,selected
OCT_3-octanol,DM6,1.0,ORN,720575940628225323,left,olfactory,ORN_DM6,ORN_DM6,acetylcholine,0.019230769230769232,selected
OCT_3-octanol,DM6,1.0,ORN,720575940629724411,left,olfactory,ORN_DM6,ORN_DM6,acetylcholine,0.019230769230769232,selected
OCT_3-octanol,DM6,1.0,ORN,720575940630835195,left,olfactory,ORN_DM6,ORN_DM6,serotonin,0.019230769230769232,selected
OCT_3-octanol,DM6,1.0,ORN,720575940630915748,left,olfactory,ORN_DM6,ORN_DM6,acetylcholine,0.019230769230769232,selected
OCT_3-octanol,DM6,1.0,ORN,720575940633211031,left,olfactory,ORN_DM6,ORN_DM6,acetylcholine,0.019230769230769232,selected
OCT_3-octanol,DM6,1.0,ORN,720575940607948483,right,olfactory,ORN_DM6,ORN_DM6,acetylcholine,0.019230769230769232,selected
OCT_3-octanol,DM6,1.0,ORN,720575940614378463,right,olfactory,ORN_DM6,ORN_DM6,acetylcholine,0.019230769230769232,selected
OCT_3-octanol,DM6,1.0,ORN,720575940615758395,right,olfactory,ORN_DM6,ORN_DM6,acetylcholine,0.019230769230769232,selected
OCT_3-octanol,DM6,1.0,ORN,720575940618242353,right,olfactory,ORN_DM6,ORN_DM6,acetylcholine,0.019230769230769232,selected
OCT_3-octanol,DM6,1.0,ORN,720575940619440878,right,olfactory,ORN_DM6,ORN_DM6,acetylcholine,0.019230769230769232,selected
OCT_3-octanol,DM6,1.0,ORN,720575940619603024,right,olfactory,ORN_DM6,ORN_DM6,acetylcholine,0.019230769230769232,selected
OCT_3-octanol,DM6,1.0,ORN,720575940620847342,right,olfactory,ORN_DM6,ORN_DM6,acetylcholine,0.019230769230769232,selected
OCT_3-octanol,DM6,1.0,ORN,720575940621625349,right,olfactory,ORN_DM6,ORN_DM6,acetylcholine,0.019230769230769232,selected
OCT_3-octanol,DM6,1.0,ORN,720575940621629189,right,olfactory,ORN_DM6,ORN_DM6,acetylcholine,0.019230769230769232,selected
OCT_3-octanol,DM6,1.0,ORN,720575940622624234,right,olfactory,ORN_DM6,ORN_DM6,acetylcholine,0.019230769230769232,selected
OCT_3-octanol,DM6,1.0,ORN,720575940624365500,right,olfactory,ORN_DM6,ORN_DM6,acetylcholine,0.019230769230769232,selected
OCT_3-octanol,DM6,1.0,ORN,720575940624366835,right,olfactory,ORN_DM6,ORN_DM6,acetylcholine,0.019230769230769232,selected
OCT_3-octanol,DM6,1.0,ORN,720575940626516026,right,olfactory,ORN_DM6,ORN_DM6,acetylcholine,0.019230769230769232,selected
OCT_3-octanol,DM6,1.0,ORN,720575940626529448,right,olfactory,ORN_DM6,ORN_DM6,acetylcholine,0.019230769230769232,selected
OCT_3-octanol,DM6,1.0,ORN,720575940627948367,right,olfactory,ORN_DM6,ORN_DM6,acetylcholine,0.019230769230769232,selected
OCT_3-octanol,DM6,1.0,ORN,720575940628246121,right,olfactory,ORN_DM6,ORN_DM6,acetylcholine,0.019230769230769232,selected
OCT_3-octanol,DM6,1.0,ORN,720575940628390811,right,olfactory,ORN_DM6,ORN_DM6,acetylcholine,0.019230769230769232,selected
OCT_3-octanol,DM6,1.0,ORN,720575940628619319,right,olfactory,ORN_DM6,ORN_DM6,acetylcholine,0.019230769230769232,selected
OCT_3-octanol,DM6,1.0,ORN,720575940629497431,right,olfactory,ORN_DM6,ORN_DM6,acetylcholine,0.019230769230769232,selected
OCT_3-octanol,DM6,1.0,ORN,720575940629767161,right,olfactory,ORN_DM6,ORN_DM6,acetylcholine,0.019230769230769232,selected
OCT_3-octanol,DM6,1.0,ORN,720575940630958673,right,olfactory,ORN_DM6,ORN_DM6,acetylcholine,0.019230769230769232,selected
OCT_3-octanol,DM6,1.0,ORN,720575940638957400,right,olfactory,ORN_DM6,ORN_DM6,acetylcholine,0.019230769230769232,selected
OCT_3-octanol,DM6,1.0,ORN,720575940639030094,right,olfactory,ORN_DM6,ORN_DM6,acetylcholine,0.019230769230769232,selected
OCT_3-octanol,DM6,1.0,ORN,720575940642455200,right,olfactory,ORN_DM6,ORN_DM6,acetylcholine,0.019230769230769232,selected
OCT_3-octanol,DM6,1.0,ORN,720575940659835009,right,olfactory,ORN_DM6,ORN_DM6,acetylcholine,0.019230769230769232,selected
OCT_3-octanol,DM6,1.0,PN,720575940620437339,left,ALPN,DM6_adPN,DM6_adPN,acetylcholine,0.16666666666666666,selected
OCT_3-octanol,DM6,1.0,PN,720575940622785062,left,ALPN,DM6_adPN,DM6_adPN,acetylcholine,0.16666666666666666,selected
OCT_3-octanol,DM6,1.0,PN,720575940631328104,left,ALPN,DM6_adPN,DM6_adPN,acetylcholine,0.16666666666666666,selected
OCT_3-octanol,DM6,1.0,PN,720575940612699761,right,ALPN,DM6_adPN,DM6_adPN,acetylcholine,0.16666666666666666,selected
OCT_3-octanol,DM6,1.0,PN,720575940623902471,right,ALPN,DM6_adPN,DM6_adPN,acetylcholine,0.16666666666666666,selected
OCT_3-octanol,DM6,1.0,PN,720575940625493400,right,ALPN,DM6_adPN,DM6_adPN,acetylcholine,0.16666666666666666,selected
OCT_3-octanol,DC2,0.9,ORN,720575940611045781,left,olfactory,ORN_DC2,ORN_DC2,acetylcholine,0.045,selected
OCT_3-octanol,DC2,0.9,ORN,720575940617739333,left,olfactory,ORN_DC2,ORN_DC2,acetylcholine,0.045,selected
OCT_3-octanol,DC2,0.9,ORN,720575940620217782,left,olfactory,ORN_DC2,ORN_DC2,acetylcholine,0.045,selected
OCT_3-octanol,DC2,0.9,ORN,720575940621182889,left,olfactory,ORN_DC2,ORN_DC2,acetylcholine,0.045,selected
OCT_3-octanol,DC2,0.9,ORN,720575940628061968,left,olfactory,ORN_DC2,ORN_DC2,acetylcholine,0.045,selected
OCT_3-octanol,DC2,0.9,ORN,720575940638339773,left,olfactory,ORN_DC2,ORN_DC2,acetylcholine,0.045,selected
OCT_3-octanol,DC2,0.9,ORN,720575940638773693,left,olfactory,ORN_DC2,ORN_DC2,acetylcholine,0.045,selected
OCT_3-octanol,DC2,0.9,ORN,720575940661296001,left,olfactory,ORN_DC2,ORN_DC2,acetylcholine,0.045,selected
OCT_3-octanol,DC2,0.9,ORN,720575940610873237,right,olfactory,ORN_DC2,ORN_DC2,acetylcholine,0.045,selected
OCT_3-octanol,DC2,0.9,ORN,720575940611161237,right,olfactory,ORN_DC2,ORN_DC2,acetylcholine,0.045,selected
OCT_3-octanol,DC2,0.9,ORN,720575940614110375,right,olfactory,ORN_DC2,ORN_DC2,acetylcholine,0.045,selected
OCT_3-octanol,DC2,0.9,ORN,720575940614236575,right,olfactory,ORN_DC2,ORN_DC2,acetylcholine,0.045,selected
OCT_3-octanol,DC2,0.9,ORN,720575940614327442,right,olfactory,ORN_DC2,ORN_DC2,acetylcholine,0.045,selected
OCT_3-octanol,DC2,0.9,ORN,720575940617454114,right,olfactory,ORN_DC2,ORN_DC2,acetylcholine,0.045,selected
OCT_3-octanol,DC2,0.9,ORN,720575940618903345,right,olfactory,ORN_DC2,ORN_DC2,acetylcholine,0.045,selected
OCT_3-octanol,DC2,0.9,ORN,720575940626631441,right,olfactory,ORN_DC2,ORN_DC2,acetylcholine,0.045,selected
OCT_3-octanol,DC2,0.9,ORN,720575940629557292,right,olfactory,ORN_DC2,ORN_DC2,acetylcholine,0.045,selected
OCT_3-octanol,DC2,0.9,ORN,720575940630807619,right,olfactory,ORN_DC2,ORN_DC2,acetylcholine,0.045,selected
OCT_3-octanol,DC2,0.9,ORN,720575940631313455,right,olfactory,ORN_DC2,ORN_DC2,acetylcholine,0.045,selected
OCT_3-octanol,DC2,0.9,ORN,720575940631450764,right,olfactory,ORN_DC2,ORN_DC2,acetylcholine,0.045,selected
OCT_3-octanol,DC2,0.9,PN,720575940616824588,left,ALPN,DC2_adPN,DC2_adPN,acetylcholine,0.225,selected
OCT_3-octanol,DC2,0.9,PN,720575940627160322,left,ALPN,DC2_adPN,DC2_adPN,acetylcholine,0.225,selected
OCT_3-octanol,DC2,0.9,PN,720575940630493818,right,ALPN,DC2_adPN,DC2_adPN,acetylcholine,0.225,selected
OCT_3-octanol,DC2,0.9,PN,720575940631193052,right,ALPN,DC2_adPN,DC2_adPN,acetylcholine,0.225,selected
OCT_3-octanol,DP1m,0.85,ORN,720575940608376132,left,olfactory,ORN_DP1m,ORN_DP1m,acetylcholine,0.0265625,selected
OCT_3-octanol,DP1m,0.85,ORN,720575940609924306,left,olfactory,ORN_DP1m,ORN_DP1m,acetylcholine,0.0265625,selected
OCT_3-octanol,DP1m,0.85,ORN,720575940610185221,left,olfactory,ORN_DP1m,ORN_DP1m,acetylcholine,0.0265625,selected
OCT_3-octanol,DP1m,0.85,ORN,720575940613118610,left,olfactory,ORN_DP1m,ORN_DP1m,acetylcholine,0.0265625,selected
OCT_3-octanol,DP1m,0.85,ORN,720575940613664874,left,olfactory,ORN_DP1m,ORN_DP1m,acetylcholine,0.0265625,selected
OCT_3-octanol,DP1m,0.85,ORN,720575940615696490,left,olfactory,ORN_DP1m,ORN_DP1m,acetylcholine,0.0265625,selected
OCT_3-octanol,DP1m,0.85,ORN,720575940617433142,left,olfactory,ORN_DP1m,ORN_DP1m,acetylcholine,0.0265625,selected
OCT_3-octanol,DP1m,0.85,ORN,720575940622242253,left,olfactory,ORN_DP1m,ORN_DP1m,acetylcholine,0.0265625,selected
OCT_3-octanol,DP1m,0.85,ORN,720575940622745834,left,olfactory,ORN_DP1m,ORN_DP1m,acetylcholine,0.0265625,selected
OCT_3-octanol,DP1m,0.85,ORN,720575940623274935,left,olfactory,ORN_DP1m,ORN_DP1m,acetylcholine,0.0265625,selected
OCT_3-octanol,DP1m,0.85,ORN,720575940628264721,left,olfactory,ORN_DP1m,ORN_DP1m,acetylcholine,0.0265625,selected
OCT_3-octanol,DP1m,0.85,ORN,720575940628599296,left,olfactory,ORN_DP1m,ORN_DP1m,acetylcholine,0.0265625,selected
OCT_3-octanol,DP1m,0.85,ORN,720575940628601344,left,olfactory,ORN_DP1m,ORN_DP1m,acetylcholine,0.0265625,selected
OCT_3-octanol,DP1m,0.85,ORN,720575940628677114,left,olfactory,ORN_DP1m,ORN_DP1m,acetylcholine,0.0265625,selected
OCT_3-octanol,DP1m,0.85,ORN,720575940633883744,left,olfactory,ORN_DP1m,ORN_DP1m,acetylcholine,0.0265625,selected
OCT_3-octanol,DP1m,0.85,ORN,720575940636767856,left,olfactory,ORN_DP1m,ORN_DP1m,acetylcholine,0.0265625,selected
OCT_3-octanol,DP1m,0.85,ORN,720575940617534676,right,olfactory,ORN_DP1m,ORN_DP1m,acetylcholine,0.0265625,selected
OCT_3-octanol,DP1m,0.85,ORN,720575940618293883,right,olfactory,ORN_DP1m,ORN_DP1m,acetylcholine,0.0265625,selected
OCT_3-octanol,DP1m,0.85,ORN,720575940619219627,right,olfactory,ORN_DP1m,ORN_DP1m,acetylcholine,0.0265625,selected
OCT_3-octanol,DP1m,0.85,ORN,720575940621482665,right,olfactory,ORN_DP1m,ORN_DP1m,acetylcholine,0.0265625,selected
OCT_3-octanol,DP1m,0.85,ORN,720575940623087859,right,olfactory,ORN_DP1m,ORN_DP1m,acetylcholine,0.0265625,selected
OCT_3-octanol,DP1m,0.85,ORN,720575940625154283,right,olfactory,ORN_DP1m,ORN_DP1m,acetylcholine,0.0265625,selected
OCT_3-octanol,DP1m,0.85,ORN,720575940626614405,right,olfactory,ORN_DP1m,ORN_DP1m,acetylcholine,0.0265625,selected
OCT_3-octanol,DP1m,0.85,ORN,720575940626811023,right,olfactory,ORN_DP1m,ORN_DP1m,acetylcholine,0.0265625,selected
OCT_3-octanol,DP1m,0.85,ORN,720575940627000582,right,olfactory,ORN_DP1m,ORN_DP1m,acetylcholine,0.0265625,selected
OCT_3-octanol,DP1m,0.85,ORN,720575940627214891,right,olfactory,ORN_DP1m,ORN_DP1m,acetylcholine,0.0265625,selected
OCT_3-octanol,DP1m,0.85,ORN,720575940628953210,right,olfactory,ORN_DP1m,ORN_DP1m,acetylcholine,0.0265625,selected
OCT_3-octanol,DP1m,0.85,ORN,720575940631630893,right,olfactory,ORN_DP1m,ORN_DP1m,acetylcholine,0.0265625,selected
OCT_3-octanol,DP1m,0.85,ORN,720575940633367377,right,olfactory,ORN_DP1m,ORN_DP1m,acetylcholine,0.0265625,selected
OCT_3-octanol,DP1m,0.85,ORN,720575940638513752,right,olfactory,ORN_DP1m,ORN_DP1m,acetylcholine,0.0265625,selected
OCT_3-octanol,DP1m,0.85,ORN,720575940642599328,right,olfactory,ORN_DP1m,ORN_DP1m,acetylcholine,0.0265625,selected
OCT_3-octanol,DP1m,0.85,ORN,720575940645728132,right,olfactory,ORN_DP1m,ORN_DP1m,acetylcholine,0.0265625,selected
OCT_3-octanol,DP1m,0.85,PN,720575940618308825,left,ALPN,DP1m_adPN,DP1m_adPN,acetylcholine,0.14166666666666666,selected
OCT_3-octanol,DP1m,0.85,PN,720575940616397122,left,ALPN,DP1m_vPN,DP1m_vPN,gaba,0.14166666666666666,selected
OCT_3-octanol,DP1m,0.85,PN,720575940656077473,left,ALPN,DP1m_vPN,DP1m_vPN,gaba,0.14166666666666666,selected
OCT_3-octanol,DP1m,0.85,PN,720575940622726271,right,ALPN,DP1m_adPN,DP1m_adPN,acetylcholine,0.14166666666666666,selected
OCT_3-octanol,DP1m,0.85,PN,720575940625207019,right,ALPN,DP1m_vPN,DP1m_vPN,gaba,0.14166666666666666,selected
OCT_3-octanol,DP1m,0.85,PN,720575940634658785,right,ALPN,DP1m_vPN,DP1m_vPN,gaba,0.14166666666666666,selected
OCT_3-octanol,DP1l,0.65,ORN,720575940606915849,left,olfactory,ORN_DP1l,ORN_DP1l,acetylcholine,0.027083333333333334,selected
OCT_3-octanol,DP1l,0.65,ORN,720575940619150040,left,olfactory,ORN_DP1l,ORN_DP1l,acetylcholine,0.027083333333333334,selected
OCT_3-octanol,DP1l,0.65,ORN,720575940621740493,left,olfactory,ORN_DP1l,ORN_DP1l,acetylcholine,0.027083333333333334,selected
OCT_3-octanol,DP1l,0.65,ORN,720575940622477508,left,olfactory,ORN_DP1l,ORN_DP1l,acetylcholine,0.027083333333333334,selected
OCT_3-octanol,DP1l,0.65,ORN,720575940623302669,left,olfactory,ORN_DP1l,ORN_DP1l,acetylcholine,0.027083333333333334,selected
OCT_3-octanol,DP1l,0.65,ORN,720575940623638967,left,olfactory,ORN_DP1l,ORN_DP1l,acetylcholine,0.027083333333333334,selected
OCT_3-octanol,DP1l,0.65,ORN,720575940626107800,left,olfactory,ORN_DP1l,ORN_DP1l,acetylcholine,0.027083333333333334,selected
OCT_3-octanol,DP1l,0.65,ORN,720575940628976887,left,olfactory,ORN_DP1l,ORN_DP1l,acetylcholine,0.027083333333333334,selected
OCT_3-octanol,DP1l,0.65,ORN,720575940630763390,left,olfactory,ORN_DP1l,ORN_DP1l,acetylcholine,0.027083333333333334,selected
OCT_3-octanol,DP1l,0.65,ORN,720575940643906340,left,olfactory,ORN_DP1l,ORN_DP1l,acetylcholine,0.027083333333333334,selected
OCT_3-octanol,DP1l,0.65,ORN,720575940647978804,left,olfactory,ORN_DP1l,ORN_DP1l,acetylcholine,0.027083333333333334,selected
OCT_3-octanol,DP1l,0.65,ORN,720575940653892257,left,olfactory,ORN_DP1l,ORN_DP1l,acetylcholine,0.027083333333333334,selected
OCT_3-octanol,DP1l,0.65,ORN,720575940609577518,right,olfactory,ORN_DP1l,ORN_DP1l,acetylcholine,0.027083333333333334,selected
OCT_3-octanol,DP1l,0.65,ORN,720575940610686162,right,olfactory,ORN_DP1l,ORN_DP1l,acetylcholine,0.027083333333333334,selected
OCT_3-octanol,DP1l,0.65,ORN,720575940613637782,right,olfactory,ORN_DP1l,ORN_DP1l,acetylcholine,0.027083333333333334,selected
OCT_3-octanol,DP1l,0.65,ORN,720575940620023024,right,olfactory,ORN_DP1l,ORN_DP1l,acetylcholine,0.027083333333333334,selected
OCT_3-octanol,DP1l,0.65,ORN,720575940620981274,right,olfactory,ORN_DP1l,ORN_DP1l,acetylcholine,0.027083333333333334,selected
OCT_3-octanol,DP1l,0.65,ORN,720575940623267559,right,olfactory,ORN_DP1l,ORN_DP1l,acetylcholine,0.027083333333333334,selected
OCT_3-octanol,DP1l,0.65,ORN,720575940624853600,right,olfactory,ORN_DP1l,ORN_DP1l,acetylcholine,0.027083333333333334,selected
OCT_3-octanol,DP1l,0.65,ORN,720575940627606375,right,olfactory,ORN_DP1l,ORN_DP1l,acetylcholine,0.027083333333333334,selected
OCT_3-octanol,DP1l,0.65,ORN,720575940627707753,right,olfactory,ORN_DP1l,ORN_DP1l,acetylcholine,0.027083333333333334,selected
OCT_3-octanol,DP1l,0.65,ORN,720575940628277147,right,olfactory,ORN_DP1l,ORN_DP1l,acetylcholine,0.027083333333333334,selected
OCT_3-octanol,DP1l,0.65,ORN,720575940628285450,right,olfactory,ORN_DP1l,ORN_DP1l,acetylcholine,0.027083333333333334,selected
OCT_3-octanol,DP1l,0.65,ORN,720575940631510865,right,olfactory,ORN_DP1l,ORN_DP1l,acetylcholine,0.027083333333333334,selected
OCT_3-octanol,DP1l,0.65,PN,720575940648650884,left,ALPN,DP1l_adPN,DP1l_adPN,acetylcholine,0.1625,selected
OCT_3-octanol,DP1l,0.65,PN,720575940631305068,left,ALPN,DP1l_vPN,DP1l_vPN,gaba,0.1625,selected
OCT_3-octanol,DP1l,0.65,PN,720575940635983770,right,ALPN,DP1l_adPN,DP1l_adPN,acetylcholine,0.1625,selected
OCT_3-octanol,DP1l,0.65,PN,720575940624106701,right,ALPN,DP1l_vPN,DP1l_vPN,gaba,0.1625,selected
OCT_3-octanol,DM2,0.65,ORN,720575940606698882,left,olfactory,ORN_DM2,ORN_DM2,serotonin,0.012037037037037037,selected
OCT_3-octanol,DM2,0.65,ORN,720575940609586645,left,olfactory,ORN_DM2,ORN_DM2,serotonin,0.012037037037037037,selected
OCT_3-octanol,DM2,0.65,ORN,720575940611696370,left,olfactory,ORN_DM2,ORN_DM2,serotonin,0.012037037037037037,selected
OCT_3-octanol,DM2,0.65,ORN,720575940613539478,left,olfactory,ORN_DM2,ORN_DM2,serotonin,0.012037037037037037,selected
OCT_3-octanol,DM2,0.65,ORN,720575940614427055,left,olfactory,ORN_DM2,ORN_DM2,serotonin,0.012037037037037037,selected
OCT_3-octanol,DM2,0.65,ORN,720575940614735372,left,olfactory,ORN_DM2,ORN_DM2,serotonin,0.012037037037037037,selected
OCT_3-octanol,DM2,0.65,ORN,720575940615747259,left,olfactory,ORN_DM2,ORN_DM2,serotonin,0.012037037037037037,selected
OCT_3-octanol,DM2,0.65,ORN,720575940616398898,left,olfactory,ORN_DM2,ORN_DM2,serotonin,0.012037037037037037,selected
OCT_3-octanol,DM2,0.65,ORN,720575940616713473,left,olfactory,ORN_DM2,ORN_DM2,serotonin,0.012037037037037037,selected
OCT_3-octanol,DM2,0.65,ORN,720575940617645652,left,olfactory,ORN_DM2,ORN_DM2,serotonin,0.012037037037037037,selected
OCT_3-octanol,DM2,0.65,ORN,720575940620577217,left,olfactory,ORN_DM2,ORN_DM2,serotonin,0.012037037037037037,selected
OCT_3-octanol,DM2,0.65,ORN,720575940620679233,left,olfactory,ORN_DM2,ORN_DM2,serotonin,0.012037037037037037,selected
OCT_3-octanol,DM2,0.65,ORN,720575940620932717,left,olfactory,ORN_DM2,ORN_DM2,serotonin,0.012037037037037037,selected
OCT_3-octanol,DM2,0.65,ORN,720575940622039551,left,olfactory,ORN_DM2,ORN_DM2,serotonin,0.012037037037037037,selected
OCT_3-octanol,DM2,0.65,ORN,720575940622685367,left,olfactory,ORN_DM2,ORN_DM2,acetylcholine,0.012037037037037037,selected
OCT_3-octanol,DM2,0.65,ORN,720575940622880588,left,olfactory,ORN_DM2,ORN_DM2,serotonin,0.012037037037037037,selected
OCT_3-octanol,DM2,0.65,ORN,720575940623062749,left,olfactory,ORN_DM2,ORN_DM2,acetylcholine,0.012037037037037037,selected
OCT_3-octanol,DM2,0.65,ORN,720575940623085495,left,olfactory,ORN_DM2,ORN_DM2,serotonin,0.012037037037037037,selected
OCT_3-octanol,DM2,0.65,ORN,720575940625360784,left,olfactory,ORN_DM2,ORN_DM2,serotonin,0.012037037037037037,selected
OCT_3-octanol,DM2,0.65,ORN,720575940625825820,left,olfactory,ORN_DM2,ORN_DM2,serotonin,0.012037037037037037,selected
OCT_3-octanol,DM2,0.65,ORN,720575940631923816,left,olfactory,ORN_DM2,ORN_DM2,serotonin,0.012037037037037037,selected
OCT_3-octanol,DM2,0.65,ORN,720575940631925132,left,olfactory,ORN_DM2,ORN_DM2,serotonin,0.012037037037037037,selected
OCT_3-octanol,DM2,0.65,ORN,720575940633203225,left,olfactory,ORN_DM2,ORN_DM2,serotonin,0.012037037037037037,selected
OCT_3-octanol,DM2,0.65,ORN,720575940633311328,left,olfactory,ORN_DM2,ORN_DM2,acetylcholine,0.012037037037037037,selected
OCT_3-octanol,DM2,0.65,ORN,720575940635094426,left,olfactory,ORN_DM2,ORN_DM2,serotonin,0.012037037037037037,selected
OCT_3-octanol,DM2,0.65,ORN,720575940636741488,left,olfactory,ORN_DM2,ORN_DM2,serotonin,0.012037037037037037,selected
OCT_3-octanol,DM2,0.65,ORN,720575940638576829,left,olfactory,ORN_DM2,ORN_DM2,serotonin,0.012037037037037037,selected
OCT_3-octanol,DM2,0.65,ORN,720575940644237591,left,olfactory,ORN_DM2,ORN_DM2,serotonin,0.012037037037037037,selected
OCT_3-octanol,DM2,0.65,ORN,720575940647097732,left,olfactory,ORN_DM2,ORN_DM2,serotonin,0.012037037037037037,selected
OCT_3-octanol,DM2,0.65,ORN,720575940603356128,right,olfactory,ORN_DM2,ORN_DM2,serotonin,0.012037037037037037,selected
OCT_3-octanol,DM2,0.65,ORN,720575940605915872,right,olfactory,ORN_DM2,ORN_DM2,serotonin,0.012037037037037037,selected
OCT_3-octanol,DM2,0.65,ORN,720575940613437359,right,olfactory,ORN_DM2,ORN_DM2,serotonin,0.012037037037037037,selected
OCT_3-octanol,DM2,0.65,ORN,720575940616203067,right,olfactory,ORN_DM2,ORN_DM2,serotonin,0.012037037037037037,selected
OCT_3-octanol,DM2,0.65,ORN,720575940616886228,right,olfactory,ORN_DM2,ORN_DM2,serotonin,0.012037037037037037,selected
OCT_3-octanol,DM2,0.65,ORN,720575940617234077,right,olfactory,ORN_DM2,ORN_DM2,serotonin,0.012037037037037037,selected
OCT_3-octanol,DM2,0.65,ORN,720575940619277733,right,olfactory,ORN_DM2,ORN_DM2,serotonin,0.012037037037037037,selected
OCT_3-octanol,DM2,0.65,ORN,720575940619725844,right,olfactory,ORN_DM2,ORN_DM2,serotonin,0.012037037037037037,selected
OCT_3-octanol,DM2,0.65,ORN,720575940621325338,right,olfactory,ORN_DM2,ORN_DM2,acetylcholine,0.012037037037037037,selected
OCT_3-octanol,DM2,0.65,ORN,720575940622099294,right,olfactory,ORN_DM2,ORN_DM2,serotonin,0.012037037037037037,selected
OCT_3-octanol,DM2,0.65,ORN,720575940622440840,right,olfactory,ORN_DM2,ORN_DM2,acetylcholine,0.012037037037037037,selected
OCT_3-octanol,DM2,0.65,ORN,720575940624500519,right,olfactory,ORN_DM2,ORN_DM2,serotonin,0.012037037037037037,selected
OCT_3-octanol,DM2,0.65,ORN,720575940624951020,right,olfactory,ORN_DM2,ORN_DM2,acetylcholine,0.012037037037037037,selected
OCT_3-octanol,DM2,0.65,ORN,720575940626147971,right,olfactory,ORN_DM2,ORN_DM2,serotonin,0.012037037037037037,selected
OCT_3-octanol,DM2,0.65,ORN,720575940628677626,right,olfactory,ORN_DM2,ORN_DM2,serotonin,0.012037037037037037,selected
OCT_3-octanol,DM2,0.65,ORN,720575940629384953,right,olfactory,ORN_DM2,ORN_DM2,serotonin,0.012037037037037037,selected
OCT_3-octanol,DM2,0.65,ORN,720575940630612280,right,olfactory,ORN_DM2,ORN_DM2,serotonin,0.012037037037037037,selected
OCT_3-octanol,DM2,0.65,ORN,720575940631228719,right,olfactory,ORN_DM2,ORN_DM2,serotonin,0.012037037037037037,selected
OCT_3-octanol,DM2,0.65,ORN,720575940631295116,right,olfactory,ORN_DM2,ORN_DM2,serotonin,0.012037037037037037,selected
OCT_3-octanol,DM2,0.65,ORN,720575940635184485,right,olfactory,ORN_DM2,ORN_DM2,serotonin,0.012037037037037037,selected
OCT_3-octanol,DM2,0.65,ORN,720575940639024462,right,olfactory,ORN_DM2,ORN_DM2,serotonin,0.012037037037037037,selected
OCT_3-octanol,DM2,0.65,ORN,720575940641039067,right,olfactory,ORN_DM2,ORN_DM2,serotonin,0.012037037037037037,selected
OCT_3-octanol,DM2,0.65,ORN,720575940649134969,right,olfactory,ORN_DM2,ORN_DM2,acetylcholine,0.012037037037037037,selected
OCT_3-octanol,DM2,0.65,ORN,720575940654194337,right,olfactory,ORN_DM2,ORN_DM2,serotonin,0.012037037037037037,selected
OCT_3-octanol,DM2,0.65,ORN,720575940655010209,right,olfactory,ORN_DM2,ORN_DM2,serotonin,0.012037037037037037,selected
OCT_3-octanol,DM2,0.65,PN,720575940630024566,left,ALPN,DM2_lPN,DM2_lPN,acetylcholine,0.1625,selected
OCT_3-octanol,DM2,0.65,PN,720575940638633535,left,ALPN,DM2_lPN,DM2_lPN,acetylcholine,0.1625,selected
OCT_3-octanol,DM2,0.65,PN,720575940637628762,right,ALPN,DM2_lPN,DM2_lPN,acetylcholine,0.1625,selected
OCT_3-octanol,DM2,0.65,PN,720575940638624189,right,ALPN,DM2_lPN,DM2_lPN,acetylcholine,0.1625,selected
OCT_3-octanol,DM3,0.55,ORN,720575940604876977,left,olfactory,ORN_DM3,ORN_DM3,serotonin,0.009016393442622951,selected
OCT_3-octanol,DM3,0.55,ORN,720575940611177386,left,olfactory,ORN_DM3,ORN_DM3,serotonin,0.009016393442622951,selected
OCT_3-octanol,DM3,0.55,ORN,720575940611637418,left,olfactory,ORN_DM3,ORN_DM3,serotonin,0.009016393442622951,selected
OCT_3-octanol,DM3,0.55,ORN,720575940613860754,left,olfactory,ORN_DM3,ORN_DM3,serotonin,0.009016393442622951,selected
OCT_3-octanol,DM3,0.55,ORN,720575940614610630,left,olfactory,ORN_DM3,ORN_DM3,serotonin,0.009016393442622951,selected
OCT_3-octanol,DM3,0.55,ORN,720575940614726546,left,olfactory,ORN_DM3,ORN_DM3,serotonin,0.009016393442622951,selected
OCT_3-octanol,DM3,0.55,ORN,720575940616581981,left,olfactory,ORN_DM3,ORN_DM3,serotonin,0.009016393442622951,selected
OCT_3-octanol,DM3,0.55,ORN,720575940618701703,left,olfactory,ORN_DM3,ORN_DM3,serotonin,0.009016393442622951,selected
OCT_3-octanol,DM3,0.55,ORN,720575940620685889,left,olfactory,ORN_DM3,ORN_DM3,serotonin,0.009016393442622951,selected
OCT_3-octanol,DM3,0.55,ORN,720575940622540713,left,olfactory,ORN_DM3,ORN_DM3,serotonin,0.009016393442622951,selected
OCT_3-octanol,DM3,0.55,ORN,720575940623808509,left,olfactory,ORN_DM3,ORN_DM3,serotonin,0.009016393442622951,selected
OCT_3-octanol,DM3,0.55,ORN,720575940624210407,left,olfactory,ORN_DM3,ORN_DM3,serotonin,0.009016393442622951,selected
OCT_3-octanol,DM3,0.55,ORN,720575940624975909,left,olfactory,ORN_DM3,ORN_DM3,serotonin,0.009016393442622951,selected
OCT_3-octanol,DM3,0.55,ORN,720575940625539786,left,olfactory,ORN_DM3,ORN_DM3,serotonin,0.009016393442622951,selected
OCT_3-octanol,DM3,0.55,ORN,720575940628674686,left,olfactory,ORN_DM3,ORN_DM3,serotonin,0.009016393442622951,selected
OCT_3-octanol,DM3,0.55,ORN,720575940628822906,left,olfactory,ORN_DM3,ORN_DM3,serotonin,0.009016393442622951,selected
OCT_3-octanol,DM3,0.55,ORN,720575940628994524,left,olfactory,ORN_DM3,ORN_DM3,serotonin,0.009016393442622951,selected
OCT_3-octanol,DM3,0.55,ORN,720575940629452670,left,olfactory,ORN_DM3,ORN_DM3,serotonin,0.009016393442622951,selected
OCT_3-octanol,DM3,0.55,ORN,720575940629724247,left,olfactory,ORN_DM3,ORN_DM3,serotonin,0.009016393442622951,selected
OCT_3-octanol,DM3,0.55,ORN,720575940630141558,left,olfactory,ORN_DM3,ORN_DM3,serotonin,0.009016393442622951,selected
OCT_3-octanol,DM3,0.55,ORN,720575940630569815,left,olfactory,ORN_DM3,ORN_DM3,serotonin,0.009016393442622951,selected
OCT_3-octanol,DM3,0.55,ORN,720575940630971434,left,olfactory,ORN_DM3,ORN_DM3,dopamine,0.009016393442622951,selected
OCT_3-octanol,DM3,0.55,ORN,720575940631429165,left,olfactory,ORN_DM3,ORN_DM3,serotonin,0.009016393442622951,selected
OCT_3-octanol,DM3,0.55,ORN,720575940632482349,left,olfactory,ORN_DM3,ORN_DM3,serotonin,0.009016393442622951,selected
OCT_3-octanol,DM3,0.55,ORN,720575940632576482,left,olfactory,ORN_DM3,ORN_DM3,serotonin,0.009016393442622951,selected
OCT_3-octanol,DM3,0.55,ORN,720575940632824531,left,olfactory,ORN_DM3,ORN_DM3,serotonin,0.009016393442622951,selected
OCT_3-octanol,DM3,0.55,ORN,720575940633850593,left,olfactory,ORN_DM3,ORN_DM3,serotonin,0.009016393442622951,selected
OCT_3-octanol,DM3,0.55,ORN,720575940636883034,left,olfactory,ORN_DM3,ORN_DM3,serotonin,0.009016393442622951,selected
OCT_3-octanol,DM3,0.55,ORN,720575940641282523,left,olfactory,ORN_DM3,ORN_DM3,serotonin,0.009016393442622951,selected
OCT_3-octanol,DM3,0.55,ORN,720575940643396768,left,olfactory,ORN_DM3,ORN_DM3,serotonin,0.009016393442622951,selected
OCT_3-octanol,DM3,0.55,ORN,720575940643931336,left,olfactory,ORN_DM3,ORN_DM3,serotonin,0.009016393442622951,selected
OCT_3-octanol,DM3,0.55,ORN,720575940646672260,left,olfactory,ORN_DM3,ORN_DM3,serotonin,0.009016393442622951,selected
OCT_3-octanol,DM3,0.55,ORN,720575940611916274,right,olfactory,ORN_DM3,ORN_DM3,serotonin,0.009016393442622951,selected
OCT_3-octanol,DM3,0.55,ORN,720575940615578054,right,olfactory,ORN_DM3,ORN_DM3,serotonin,0.009016393442622951,selected
OCT_3-octanol,DM3,0.55,ORN,720575940616360633,right,olfactory,ORN_DM3,ORN_DM3,serotonin,0.009016393442622951,selected
OCT_3-octanol,DM3,0.55,ORN,720575940619454656,right,olfactory,ORN_DM3,ORN_DM3,serotonin,0.009016393442622951,selected
OCT_3-octanol,DM3,0.55,ORN,720575940620109550,right,olfactory,ORN_DM3,ORN_DM3,serotonin,0.009016393442622951,selected
OCT_3-octanol,DM3,0.55,ORN,720575940621204556,right,olfactory,ORN_DM3,ORN_DM3,serotonin,0.009016393442622951,selected
OCT_3-octanol,DM3,0.55,ORN,720575940621282774,right,olfactory,ORN_DM3,ORN_DM3,serotonin,0.009016393442622951,selected
OCT_3-octanol,DM3,0.55,ORN,720575940622540969,right,olfactory,ORN_DM3,ORN_DM3,serotonin,0.009016393442622951,selected
OCT_3-octanol,DM3,0.55,ORN,720575940623059347,right,olfactory,ORN_DM3,ORN_DM3,serotonin,0.009016393442622951,selected
OCT_3-octanol,DM3,0.55,ORN,720575940623457609,right,olfactory,ORN_DM3,ORN_DM3,acetylcholine,0.009016393442622951,selected
OCT_3-octanol,DM3,0.55,ORN,720575940625283770,right,olfactory,ORN_DM3,ORN_DM3,serotonin,0.009016393442622951,selected
OCT_3-octanol,DM3,0.55,ORN,720575940626730058,right,olfactory,ORN_DM3,ORN_DM3,serotonin,0.009016393442622951,selected
OCT_3-octanol,DM3,0.55,ORN,720575940627157135,right,olfactory,ORN_DM3,ORN_DM3,serotonin,0.009016393442622951,selected
OCT_3-octanol,DM3,0.55,ORN,720575940628303183,right,olfactory,ORN_DM3,ORN_DM3,serotonin,0.009016393442622951,selected
OCT_3-octanol,DM3,0.55,ORN,720575940628358406,right,olfactory,ORN_DM3,ORN_DM3,acetylcholine,0.009016393442622951,selected
OCT_3-octanol,DM3,0.55,ORN,720575940628823674,right,olfactory,ORN_DM3,ORN_DM3,serotonin,0.009016393442622951,selected
OCT_3-octanol,DM3,0.55,ORN,720575940629842681,right,olfactory,ORN_DM3,ORN_DM3,acetylcholine,0.009016393442622951,selected
OCT_3-octanol,DM3,0.55,ORN,720575940630645067,right,olfactory,ORN_DM3,ORN_DM3,serotonin,0.009016393442622951,selected
OCT_3-octanol,DM3,0.55,ORN,720575940630869522,right,olfactory,ORN_DM3,ORN_DM3,serotonin,0.009016393442622951,selected
OCT_3-octanol,DM3,0.55,ORN,720575940631166535,right,olfactory,ORN_DM3,ORN_DM3,serotonin,0.009016393442622951,selected
OCT_3-octanol,DM3,0.55,ORN,720575940631983330,right,olfactory,ORN_DM3,ORN_DM3,acetylcholine,0.009016393442622951,selected
OCT_3-octanol,DM3,0.55,ORN,720575940632002152,right,olfactory,ORN_DM3,ORN_DM3,serotonin,0.009016393442622951,selected
OCT_3-octanol,DM3,0.55,ORN,720575940634703987,right,olfactory,ORN_DM3,ORN_DM3,serotonin,0.009016393442622951,selected
OCT_3-octanol,DM3,0.55,ORN,720575940634706035,right,olfactory,ORN_DM3,ORN_DM3,serotonin,0.009016393442622951,selected
OCT_3-octanol,DM3,0.55,ORN,720575940635126452,right,olfactory,ORN_DM3,ORN_DM3,serotonin,0.009016393442622951,selected
OCT_3-octanol,DM3,0.55,ORN,720575940643407520,right,olfactory,ORN_DM3,ORN_DM3,serotonin,0.009016393442622951,selected
OCT_3-octanol,DM3,0.55,ORN,720575940646221108,right,olfactory,ORN_DM3,ORN_DM3,serotonin,0.009016393442622951,selected
OCT_3-octanol,DM3,0.55,ORN,720575940646484020,right,olfactory,ORN_DM3,ORN_DM3,serotonin,0.009016393442622951,selected
OCT_3-octanol,DM3,0.55,ORN,720575940649434489,right,olfactory,ORN_DM3,ORN_DM3,serotonin,0.009016393442622951,selected
OCT_3-octanol,DM3,0.55,PN,720575940614727903,left,ALPN,DM3_adPN,DM3_adPN,acetylcholine,0.1375,selected
OCT_3-octanol,DM3,0.55,PN,720575940626959134,left,ALPN,DM3_vPN,DM3_vPN,gaba,0.1375,selected
OCT_3-octanol,DM3,0.55,PN,720575940630549370,right,ALPN,DM3_adPN,DM3_adPN,acetylcholine,0.1375,selected
OCT_3-octanol,DM3,0.55,PN,720575940640835672,right,ALPN,DM3_vPN,DM3_vPN,gaba,0.1375,selected
OCT_3-octanol,DL3,0.5,ORN,720575940608277771,left,olfactory,ORN_DL3,ORN_DL3,serotonin,0.006329113924050633,selected
OCT_3-octanol,DL3,0.5,ORN,720575940608615363,left,olfactory,ORN_DL3,ORN_DL3,serotonin,0.006329113924050633,selected
OCT_3-octanol,DL3,0.5,ORN,720575940609867310,left,olfactory,ORN_DL3,ORN_DL3,serotonin,0.006329113924050633,selected
OCT_3-octanol,DL3,0.5,ORN,720575940613403390,left,olfactory,ORN_DL3,ORN_DL3,serotonin,0.006329113924050633,selected
OCT_3-octanol,DL3,0.5,ORN,720575940615093398,left,olfactory,ORN_DL3,ORN_DL3,serotonin,0.006329113924050633,selected
OCT_3-octanol,DL3,0.5,ORN,720575940619304212,left,olfactory,ORN_DL3,ORN_DL3,serotonin,0.006329113924050633,selected
OCT_3-octanol,DL3,0.5,ORN,720575940619367083,left,olfactory,ORN_DL3,ORN_DL3,serotonin,0.006329113924050633,selected
OCT_3-octanol,DL3,0.5,ORN,720575940619558235,left,olfactory,ORN_DL3,ORN_DL3,serotonin,0.006329113924050633,selected
OCT_3-octanol,DL3,0.5,ORN,720575940619973211,left,olfactory,ORN_DL3,ORN_DL3,serotonin,0.006329113924050633,selected
OCT_3-octanol,DL3,0.5,ORN,720575940620255092,left,olfactory,ORN_DL3,ORN_DL3,serotonin,0.006329113924050633,selected
OCT_3-octanol,DL3,0.5,ORN,720575940621082138,left,olfactory,ORN_DL3,ORN_DL3,serotonin,0.006329113924050633,selected
OCT_3-octanol,DL3,0.5,ORN,720575940621399462,left,olfactory,ORN_DL3,ORN_DL3,serotonin,0.006329113924050633,selected
OCT_3-octanol,DL3,0.5,ORN,720575940621914392,left,olfactory,ORN_DL3,ORN_DL3,serotonin,0.006329113924050633,selected
OCT_3-octanol,DL3,0.5,ORN,720575940623071270,left,olfactory,ORN_DL3,ORN_DL3,serotonin,0.006329113924050633,selected
OCT_3-octanol,DL3,0.5,ORN,720575940624694078,left,olfactory,ORN_DL3,ORN_DL3,serotonin,0.006329113924050633,selected
OCT_3-octanol,DL3,0.5,ORN,720575940625176250,left,olfactory,ORN_DL3,ORN_DL3,serotonin,0.006329113924050633,selected
OCT_3-octanol,DL3,0.5,ORN,720575940625420290,left,olfactory,ORN_DL3,ORN_DL3,serotonin,0.006329113924050633,selected
OCT_3-octanol,DL3,0.5,ORN,720575940626162707,left,olfactory,ORN_DL3,ORN_DL3,serotonin,0.006329113924050633,selected
OCT_3-octanol,DL3,0.5,ORN,720575940626279557,left,olfactory,ORN_DL3,ORN_DL3,serotonin,0.006329113924050633,selected
OCT_3-octanol,DL3,0.5,ORN,720575940626501458,left,olfactory,ORN_DL3,ORN_DL3,serotonin,0.006329113924050633,selected
OCT_3-octanol,DL3,0.5,ORN,720575940626996632,left,olfactory,ORN_DL3,ORN_DL3,serotonin,0.006329113924050633,selected
OCT_3-octanol,DL3,0.5,ORN,720575940627159704,left,olfactory,ORN_DL3,ORN_DL3,serotonin,0.006329113924050633,selected
OCT_3-octanol,DL3,0.5,ORN,720575940627820035,left,olfactory,ORN_DL3,ORN_DL3,serotonin,0.006329113924050633,selected
OCT_3-octanol,DL3,0.5,ORN,720575940628277327,left,olfactory,ORN_DL3,ORN_DL3,serotonin,0.006329113924050633,selected
OCT_3-octanol,DL3,0.5,ORN,720575940628398791,left,olfactory,ORN_DL3,ORN_DL3,serotonin,0.006329113924050633,selected
OCT_3-octanol,DL3,0.5,ORN,720575940628835840,left,olfactory,ORN_DL3,ORN_DL3,serotonin,0.006329113924050633,selected
OCT_3-octanol,DL3,0.5,ORN,720575940629020675,left,olfactory,ORN_DL3,ORN_DL3,serotonin,0.006329113924050633,selected
OCT_3-octanol,DL3,0.5,ORN,720575940630014917,left,olfactory,ORN_DL3,ORN_DL3,serotonin,0.006329113924050633,selected
OCT_3-octanol,DL3,0.5,ORN,720575940630679749,left,olfactory,ORN_DL3,ORN_DL3,serotonin,0.006329113924050633,selected
OCT_3-octanol,DL3,0.5,ORN,720575940632437971,left,olfactory,ORN_DL3,ORN_DL3,serotonin,0.006329113924050633,selected
OCT_3-octanol,DL3,0.5,ORN,720575940634761208,left,olfactory,ORN_DL3,ORN_DL3,serotonin,0.006329113924050633,selected
OCT_3-octanol,DL3,0.5,ORN,720575940634987000,left,olfactory,ORN_DL3,ORN_DL3,serotonin,0.006329113924050633,selected
OCT_3-octanol,DL3,0.5,ORN,720575940635618734,left,olfactory,ORN_DL3,ORN_DL3,serotonin,0.006329113924050633,selected
OCT_3-octanol,DL3,0.5,ORN,720575940636227696,left,olfactory,ORN_DL3,ORN_DL3,serotonin,0.006329113924050633,selected
OCT_3-octanol,DL3,0.5,ORN,720575940637965621,left,olfactory,ORN_DL3,ORN_DL3,serotonin,0.006329113924050633,selected
OCT_3-octanol,DL3,0.5,ORN,720575940639089571,left,olfactory,ORN_DL3,ORN_DL3,serotonin,0.006329113924050633,selected
OCT_3-octanol,DL3,0.5,ORN,720575940645559662,na,olfactory,ORN_DL3,ORN_DL3,serotonin,0.006329113924050633,selected
OCT_3-octanol,DL3,0.5,ORN,720575940605266865,right,olfactory,ORN_DL3,ORN_DL3,serotonin,0.006329113924050633,selected
OCT_3-octanol,DL3,0.5,ORN,720575940613686674,right,olfactory,ORN_DL3,ORN_DL3,serotonin,0.006329113924050633,selected
OCT_3-octanol,DL3,0.5,ORN,720575940613858922,right,olfactory,ORN_DL3,ORN_DL3,serotonin,0.006329113924050633,selected
OCT_3-octanol,DL3,0.5,ORN,720575940614410719,right,olfactory,ORN_DL3,ORN_DL3,serotonin,0.006329113924050633,selected
OCT_3-octanol,DL3,0.5,ORN,720575940616364545,right,olfactory,ORN_DL3,ORN_DL3,serotonin,0.006329113924050633,selected
OCT_3-octanol,DL3,0.5,ORN,720575940619755457,right,olfactory,ORN_DL3,ORN_DL3,serotonin,0.006329113924050633,selected
OCT_3-octanol,DL3,0.5,ORN,720575940620167083,right,olfactory,ORN_DL3,ORN_DL3,serotonin,0.006329113924050633,selected
OCT_3-octanol,DL3,0.5,ORN,720575940620348342,right,olfactory,ORN_DL3,ORN_DL3,serotonin,0.006329113924050633,selected
OCT_3-octanol,DL3,0.5,ORN,720575940620537264,right,olfactory,ORN_DL3,ORN_DL3,serotonin,0.006329113924050633,selected
OCT_3-octanol,DL3,0.5,ORN,720575940620673776,right,olfactory,ORN_DL3,ORN_DL3,serotonin,0.006329113924050633,selected
OCT_3-octanol,DL3,0.5,ORN,720575940621132969,right,olfactory,ORN_DL3,ORN_DL3,serotonin,0.006329113924050633,selected
OCT_3-octanol,DL3,0.5,ORN,720575940621374633,right,olfactory,ORN_DL3,ORN_DL3,serotonin,0.006329113924050633,selected
OCT_3-octanol,DL3,0.5,ORN,720575940622333027,right,olfactory,ORN_DL3,ORN_DL3,serotonin,0.006329113924050633,selected
OCT_3-octanol,DL3,0.5,ORN,720575940623257597,right,olfactory,ORN_DL3,ORN_DL3,serotonin,0.006329113924050633,selected
OCT_3-octanol,DL3,0.5,ORN,720575940623925180,right,olfactory,ORN_DL3,ORN_DL3,serotonin,0.006329113924050633,selected
OCT_3-octanol,DL3,0.5,ORN,720575940624711216,right,olfactory,ORN_DL3,ORN_DL3,serotonin,0.006329113924050633,selected
OCT_3-octanol,DL3,0.5,ORN,720575940626583059,right,olfactory,ORN_DL3,ORN_DL3,serotonin,0.006329113924050633,selected
OCT_3-octanol,DL3,0.5,ORN,720575940626680453,right,olfactory,ORN_DL3,ORN_DL3,serotonin,0.006329113924050633,selected
OCT_3-octanol,DL3,0.5,ORN,720575940626872593,right,olfactory,ORN_DL3,ORN_DL3,serotonin,0.006329113924050633,selected
OCT_3-octanol,DL3,0.5,ORN,720575940626979271,right,olfactory,ORN_DL3,ORN_DL3,serotonin,0.006329113924050633,selected
OCT_3-octanol,DL3,0.5,ORN,720575940627251786,right,olfactory,ORN_DL3,ORN_DL3,serotonin,0.006329113924050633,selected
OCT_3-octanol,DL3,0.5,ORN,720575940627820649,right,olfactory,ORN_DL3,ORN_DL3,serotonin,0.006329113924050633,selected
OCT_3-octanol,DL3,0.5,ORN,720575940628164907,right,olfactory,ORN_DL3,ORN_DL3,serotonin,0.006329113924050633,selected
OCT_3-octanol,DL3,0.5,ORN,720575940628280911,right,olfactory,ORN_DL3,ORN_DL3,serotonin,0.006329113924050633,selected
OCT_3-octanol,DL3,0.5,ORN,720575940628790784,right,olfactory,ORN_DL3,ORN_DL3,serotonin,0.006329113924050633,selected
OCT_3-octanol,DL3,0.5,ORN,720575940629274935,right,olfactory,ORN_DL3,ORN_DL3,serotonin,0.006329113924050633,selected
OCT_3-octanol,DL3,0.5,ORN,720575940629853015,right,olfactory,ORN_DL3,ORN_DL3,serotonin,0.006329113924050633,selected
OCT_3-octanol,DL3,0.5,ORN,720575940629904748,right,olfactory,ORN_DL3,ORN_DL3,serotonin,0.006329113924050633,selected
OCT_3-octanol,DL3,0.5,ORN,720575940630033962,right,olfactory,ORN_DL3,ORN_DL3,serotonin,0.006329113924050633,selected
OCT_3-octanol,DL3,0.5,ORN,720575940630370379,right,olfactory,ORN_DL3,ORN_DL3,serotonin,0.006329113924050633,selected
OCT_3-octanol,DL3,0.5,ORN,720575940630852138,right,olfactory,ORN_DL3,ORN_DL3,serotonin,0.006329113924050633,selected
OCT_3-octanol,DL3,0.5,ORN,720575940630990732,right,olfactory,ORN_DL3,ORN_DL3,serotonin,0.006329113924050633,selected
OCT_3-octanol,DL3,0.5,ORN,720575940631321675,right,olfactory,ORN_DL3,ORN_DL3,serotonin,0.006329113924050633,selected
OCT_3-octanol,DL3,0.5,ORN,720575940631544740,right,olfactory,ORN_DL3,ORN_DL3,serotonin,0.006329113924050633,selected
OCT_3-octanol,DL3,0.5,ORN,720575940631932108,right,olfactory,ORN_DL3,ORN_DL3,serotonin,0.006329113924050633,selected
OCT_3-octanol,DL3,0.5,ORN,720575940632570593,right,olfactory,ORN_DL3,ORN_DL3,serotonin,0.006329113924050633,selected
OCT_3-octanol,DL3,0.5,ORN,720575940633940761,right,olfactory,ORN_DL3,ORN_DL3,serotonin,0.006329113924050633,selected
OCT_3-octanol,DL3,0.5,ORN,720575940636388750,right,olfactory,ORN_DL3,ORN_DL3,serotonin,0.006329113924050633,selected
OCT_3-octanol,DL3,0.5,ORN,720575940639564496,right,olfactory,ORN_DL3,ORN_DL3,serotonin,0.006329113924050633,selected
OCT_3-octanol,DL3,0.5,ORN,720575940640113616,right,olfactory,ORN_DL3,ORN_DL3,serotonin,0.006329113924050633,selected
OCT_3-octanol,DL3,0.5,ORN,720575940644221038,right,olfactory,ORN_DL3,ORN_DL3,serotonin,0.006329113924050633,selected
OCT_3-octanol,DL3,0.5,ORN,720575940644746606,right,olfactory,ORN_DL3,ORN_DL3,serotonin,0.006329113924050633,selected
OCT_3-octanol,DL3,0.5,PN,720575940619807397,left,ALPN,DL3_lPN,DL3_lPN,acetylcholine,0.05,selected
OCT_3-octanol,DL3,0.5,PN,720575940620638335,left,ALPN,DL3_lPN,DL3_lPN,acetylcholine,0.05,selected
OCT_3-octanol,DL3,0.5,PN,720575940621926669,left,ALPN,DL3_lPN,DL3_lPN,acetylcholine,0.05,selected
OCT_3-octanol,DL3,0.5,PN,720575940627353426,left,ALPN,DL3_lPN,DL3_lPN,acetylcholine,0.05,selected
OCT_3-octanol,DL3,0.5,PN,720575940630778428,left,ALPN,DL3_lPN,DL3_lPN,acetylcholine,0.05,selected
OCT_3-octanol,DL3,0.5,PN,720575940615255993,right,ALPN,DL3_lPN,DL3_lPN,acetylcholine,0.05,selected
OCT_3-octanol,DL3,0.5,PN,720575940621203632,right,ALPN,DL3_lPN,DL3_lPN,acetylcholine,0.05,selected
OCT_3-octanol,DL3,0.5,PN,720575940628882450,right,ALPN,DL3_lPN,DL3_lPN,acetylcholine,0.05,selected
OCT_3-octanol,DL3,0.5,PN,720575940634710629,right,ALPN,DL3_lPN,DL3_lPN,acetylcholine,0.05,selected
OCT_3-octanol,DL3,0.5,PN,720575940635604581,right,ALPN,DL3_lPN,DL3_lPN,acetylcholine,0.05,selected
OCT_3-octanol,VA2,0.45,ORN,720575940606108862,left,olfactory,ORN_VA2,ORN_VA2,serotonin,0.006716417910447761,selected
OCT_3-octanol,VA2,0.45,ORN,720575940610999794,left,olfactory,ORN_VA2,ORN_VA2,serotonin,0.006716417910447761,selected
OCT_3-octanol,VA2,0.45,ORN,720575940611369938,left,olfactory,ORN_VA2,ORN_VA2,acetylcholine,0.006716417910447761,selected
OCT_3-octanol,VA2,0.45,ORN,720575940614257986,left,olfactory,ORN_VA2,ORN_VA2,serotonin,0.006716417910447761,selected
OCT_3-octanol,VA2,0.45,ORN,720575940614833567,left,olfactory,ORN_VA2,ORN_VA2,acetylcholine,0.006716417910447761,selected
OCT_3-octanol,VA2,0.45,ORN,720575940616486795,left,olfactory,ORN_VA2,ORN_VA2,serotonin,0.006716417910447761,selected
OCT_3-octanol,VA2,0.45,ORN,720575940617681822,left,olfactory,ORN_VA2,ORN_VA2,serotonin,0.006716417910447761,selected
OCT_3-octanol,VA2,0.45,ORN,720575940618512331,left,olfactory,ORN_VA2,ORN_VA2,serotonin,0.006716417910447761,selected
OCT_3-octanol,VA2,0.45,ORN,720575940619093524,left,olfactory,ORN_VA2,ORN_VA2,serotonin,0.006716417910447761,selected
OCT_3-octanol,VA2,0.45,ORN,720575940620028080,left,olfactory,ORN_VA2,ORN_VA2,serotonin,0.006716417910447761,selected
OCT_3-octanol,VA2,0.45,ORN,720575940620319329,left,olfactory,ORN_VA2,ORN_VA2,acetylcholine,0.006716417910447761,selected
OCT_3-octanol,VA2,0.45,ORN,720575940620572933,left,olfactory,ORN_VA2,ORN_VA2,serotonin,0.006716417910447761,selected
OCT_3-octanol,VA2,0.45,ORN,720575940620822049,left,olfactory,ORN_VA2,ORN_VA2,serotonin,0.006716417910447761,selected
OCT_3-octanol,VA2,0.45,ORN,720575940622833577,left,olfactory,ORN_VA2,ORN_VA2,serotonin,0.006716417910447761,selected
OCT_3-octanol,VA2,0.45,ORN,720575940623482355,left,olfactory,ORN_VA2,ORN_VA2,serotonin,0.006716417910447761,selected
OCT_3-octanol,VA2,0.45,ORN,720575940625757053,left,olfactory,ORN_VA2,ORN_VA2,serotonin,0.006716417910447761,selected
OCT_3-octanol,VA2,0.45,ORN,720575940626530564,left,olfactory,ORN_VA2,ORN_VA2,acetylcholine,0.006716417910447761,selected
OCT_3-octanol,VA2,0.45,ORN,720575940626571592,left,olfactory,ORN_VA2,ORN_VA2,serotonin,0.006716417910447761,selected
OCT_3-octanol,VA2,0.45,ORN,720575940626879484,left,olfactory,ORN_VA2,ORN_VA2,serotonin,0.006716417910447761,selected
OCT_3-octanol,VA2,0.45,ORN,720575940627737073,left,olfactory,ORN_VA2,ORN_VA2,acetylcholine,0.006716417910447761,selected
OCT_3-octanol,VA2,0.45,ORN,720575940629232492,left,olfactory,ORN_VA2,ORN_VA2,serotonin,0.006716417910447761,selected
OCT_3-octanol,VA2,0.45,ORN,720575940631174431,left,olfactory,ORN_VA2,ORN_VA2,acetylcholine,0.006716417910447761,selected
OCT_3-octanol,VA2,0.45,ORN,720575940631203896,left,olfactory,ORN_VA2,ORN_VA2,serotonin,0.006716417910447761,selected
OCT_3-octanol,VA2,0.45,ORN,720575940632315106,left,olfactory,ORN_VA2,ORN_VA2,serotonin,0.006716417910447761,selected
OCT_3-octanol,VA2,0.45,ORN,720575940632356066,left,olfactory,ORN_VA2,ORN_VA2,serotonin,0.006716417910447761,selected
OCT_3-octanol,VA2,0.45,ORN,720575940634530155,left,olfactory,ORN_VA2,ORN_VA2,acetylcholine,0.006716417910447761,selected
OCT_3-octanol,VA2,0.45,ORN,720575940636052080,left,olfactory,ORN_VA2,ORN_VA2,acetylcholine,0.006716417910447761,selected
OCT_3-octanol,VA2,0.45,ORN,720575940638852736,left,olfactory,ORN_VA2,ORN_VA2,serotonin,0.006716417910447761,selected
OCT_3-octanol,VA2,0.45,ORN,720575940639448528,left,olfactory,ORN_VA2,ORN_VA2,serotonin,0.006716417910447761,selected
OCT_3-octanol,VA2,0.45,ORN,720575940640027637,left,olfactory,ORN_VA2,ORN_VA2,serotonin,0.006716417910447761,selected
OCT_3-octanol,VA2,0.45,ORN,720575940641372112,left,olfactory,ORN_VA2,ORN_VA2,serotonin,0.006716417910447761,selected
OCT_3-octanol,VA2,0.45,ORN,720575940644076398,left,olfactory,ORN_VA2,ORN_VA2,serotonin,0.006716417910447761,selected
OCT_3-octanol,VA2,0.45,ORN,720575940646142004,left,olfactory,ORN_VA2,ORN_VA2,serotonin,0.006716417910447761,selected
OCT_3-octanol,VA2,0.45,ORN,720575940646540910,left,olfactory,ORN_VA2,ORN_VA2,acetylcholine,0.006716417910447761,selected
OCT_3-octanol,VA2,0.45,ORN,720575940605834626,right,olfactory,ORN_VA2,ORN_VA2,serotonin,0.006716417910447761,selected
OCT_3-octanol,VA2,0.45,ORN,720575940607811420,right,olfactory,ORN_VA2,ORN_VA2,serotonin,0.006716417910447761,selected
OCT_3-octanol,VA2,0.45,ORN,720575940610922202,right,olfactory,ORN_VA2,ORN_VA2,acetylcholine,0.006716417910447761,selected
OCT_3-octanol,VA2,0.45,ORN,720575940611218418,right,olfactory,ORN_VA2,ORN_VA2,serotonin,0.006716417910447761,selected
OCT_3-octanol,VA2,0.45,ORN,720575940611237034,right,olfactory,ORN_VA2,ORN_VA2,serotonin,0.006716417910447761,selected
OCT_3-octanol,VA2,0.45,ORN,720575940613509010,right,olfactory,ORN_VA2,ORN_VA2,serotonin,0.006716417910447761,selected
OCT_3-octanol,VA2,0.45,ORN,720575940613666666,right,olfactory,ORN_VA2,ORN_VA2,serotonin,0.006716417910447761,selected
OCT_3-octanol,VA2,0.45,ORN,720575940614014431,right,olfactory,ORN_VA2,ORN_VA2,serotonin,0.006716417910447761,selected
OCT_3-octanol,VA2,0.45,ORN,720575940616194397,right,olfactory,ORN_VA2,ORN_VA2,serotonin,0.006716417910447761,selected
OCT_3-octanol,VA2,0.45,ORN,720575940616205405,right,olfactory,ORN_VA2,ORN_VA2,acetylcholine,0.006716417910447761,selected
OCT_3-octanol,VA2,0.45,ORN,720575940617009638,right,olfactory,ORN_VA2,ORN_VA2,serotonin,0.006716417910447761,selected
OCT_3-octanol,VA2,0.45,ORN,720575940619360532,right,olfactory,ORN_VA2,ORN_VA2,serotonin,0.006716417910447761,selected
OCT_3-octanol,VA2,0.45,ORN,720575940620030384,right,olfactory,ORN_VA2,ORN_VA2,serotonin,0.006716417910447761,selected
OCT_3-octanol,VA2,0.45,ORN,720575940620555252,right,olfactory,ORN_VA2,ORN_VA2,serotonin,0.006716417910447761,selected
OCT_3-octanol,VA2,0.45,ORN,720575940620831265,right,olfactory,ORN_VA2,ORN_VA2,serotonin,0.006716417910447761,selected
OCT_3-octanol,VA2,0.45,ORN,720575940621326874,right,olfactory,ORN_VA2,ORN_VA2,serotonin,0.006716417910447761,selected
OCT_3-octanol,VA2,0.45,ORN,720575940621808227,right,olfactory,ORN_VA2,ORN_VA2,serotonin,0.006716417910447761,selected
OCT_3-octanol,VA2,0.45,ORN,720575940621821004,right,olfactory,ORN_VA2,ORN_VA2,acetylcholine,0.006716417910447761,selected
OCT_3-octanol,VA2,0.45,ORN,720575940622063871,right,olfactory,ORN_VA2,ORN_VA2,serotonin,0.006716417910447761,selected
OCT_3-octanol,VA2,0.45,ORN,720575940623801276,right,olfactory,ORN_VA2,ORN_VA2,serotonin,0.006716417910447761,selected
OCT_3-octanol,VA2,0.45,ORN,720575940624096708,right,olfactory,ORN_VA2,ORN_VA2,serotonin,0.006716417910447761,selected
OCT_3-octanol,VA2,0.45,ORN,720575940625383299,right,olfactory,ORN_VA2,ORN_VA2,serotonin,0.006716417910447761,selected
OCT_3-octanol,VA2,0.45,ORN,720575940628641871,right,olfactory,ORN_VA2,ORN_VA2,serotonin,0.006716417910447761,selected
OCT_3-octanol,VA2,0.45,ORN,720575940629263872,right,olfactory,ORN_VA2,ORN_VA2,serotonin,0.006716417910447761,selected
OCT_3-octanol,VA2,0.45,ORN,720575940629677655,right,olfactory,ORN_VA2,ORN_VA2,serotonin,0.006716417910447761,selected
OCT_3-octanol,VA2,0.45,ORN,720575940633668031,right,olfactory,ORN_VA2,ORN_VA2,serotonin,0.006716417910447761,selected
OCT_3-octanol,VA2,0.45,ORN,720575940637846069,right,olfactory,ORN_VA2,ORN_VA2,serotonin,0.006716417910447761,selected
OCT_3-octanol,VA2,0.45,ORN,720575940638410611,right,olfactory,ORN_VA2,ORN_VA2,serotonin,0.006716417910447761,selected
OCT_3-octanol,VA2,0.45,ORN,720575940644028452,right,olfactory,ORN_VA2,ORN_VA2,serotonin,0.006716417910447761,selected
OCT_3-octanol,VA2,0.45,ORN,720575940645211939,right,olfactory,ORN_VA2,ORN_VA2,acetylcholine,0.006716417910447761,selected
OCT_3-octanol,VA2,0.45,ORN,720575940645214243,right,olfactory,ORN_VA2,ORN_VA2,acetylcholine,0.006716417910447761,selected
OCT_3-octanol,VA2,0.45,ORN,720575940645576756,right,olfactory,ORN_VA2,ORN_VA2,serotonin,0.006716417910447761,selected
OCT_3-octanol,VA2,0.45,ORN,720575940646120324,right,olfactory,ORN_VA2,ORN_VA2,serotonin,0.006716417910447761,selected
OCT_3-octanol,VA2,0.45,PN,720575940611079236,left,ALPN,VA2_adPN,VA2_adPN,acetylcholine,0.225,selected
OCT_3-octanol,VA2,0.45,PN,720575940609460491,right,ALPN,VA2_adPN,VA2_adPN,acetylcholine,0.225,selected
OCT_3-octanol,VM2,0.4,ORN,720575940613911186,left,olfactory,ORN_VM2,ORN_VM2,acetylcholine,0.010810810810810811,selected
OCT_3-octanol,VM2,0.4,ORN,720575940617180445,left,olfactory,ORN_VM2,ORN_VM2,acetylcholine,0.010810810810810811,selected
OCT_3-octanol,VM2,0.4,ORN,720575940619097816,left,olfactory,ORN_VM2,ORN_VM2,acetylcholine,0.010810810810810811,selected
OCT_3-octanol,VM2,0.4,ORN,720575940619576912,left,olfactory,ORN_VM2,ORN_VM2,acetylcholine,0.010810810810810811,selected
OCT_3-octanol,VM2,0.4,ORN,720575940619793134,left,olfactory,ORN_VM2,ORN_VM2,acetylcholine,0.010810810810810811,selected
OCT_3-octanol,VM2,0.4,ORN,720575940619996582,left,olfactory,ORN_VM2,ORN_VM2,acetylcholine,0.010810810810810811,selected
OCT_3-octanol,VM2,0.4,ORN,720575940620979888,left,olfactory,ORN_VM2,ORN_VM2,acetylcholine,0.010810810810810811,selected
OCT_3-octanol,VM2,0.4,ORN,720575940622399172,left,olfactory,ORN_VM2,ORN_VM2,acetylcholine,0.010810810810810811,selected
OCT_3-octanol,VM2,0.4,ORN,720575940622441107,left,olfactory,ORN_VM2,ORN_VM2,acetylcholine,0.010810810810810811,selected
OCT_3-octanol,VM2,0.4,ORN,720575940625520412,left,olfactory,ORN_VM2,ORN_VM2,acetylcholine,0.010810810810810811,selected
OCT_3-octanol,VM2,0.4,ORN,720575940627629315,left,olfactory,ORN_VM2,ORN_VM2,acetylcholine,0.010810810810810811,selected
OCT_3-octanol,VM2,0.4,ORN,720575940628790142,left,olfactory,ORN_VM2,ORN_VM2,acetylcholine,0.010810810810810811,selected
OCT_3-octanol,VM2,0.4,ORN,720575940629721399,left,olfactory,ORN_VM2,ORN_VM2,acetylcholine,0.010810810810810811,selected
OCT_3-octanol,VM2,0.4,ORN,720575940632792089,left,olfactory,ORN_VM2,ORN_VM2,acetylcholine,0.010810810810810811,selected
OCT_3-octanol,VM2,0.4,ORN,720575940635095321,left,olfactory,ORN_VM2,ORN_VM2,acetylcholine,0.010810810810810811,selected
OCT_3-octanol,VM2,0.4,ORN,720575940635323255,left,olfactory,ORN_VM2,ORN_VM2,acetylcholine,0.010810810810810811,selected
OCT_3-octanol,VM2,0.4,ORN,720575940637619509,left,olfactory,ORN_VM2,ORN_VM2,acetylcholine,0.010810810810810811,selected
OCT_3-octanol,VM2,0.4,ORN,720575940639442595,left,olfactory,ORN_VM2,ORN_VM2,acetylcholine,0.010810810810810811,selected
OCT_3-octanol,VM2,0.4,ORN,720575940645917492,left,olfactory,ORN_VM2,ORN_VM2,acetylcholine,0.010810810810810811,selected
OCT_3-octanol,VM2,0.4,ORN,720575940611984114,right,olfactory,ORN_VM2,ORN_VM2,acetylcholine,0.010810810810810811,selected
OCT_3-octanol,VM2,0.4,ORN,720575940612166553,right,olfactory,ORN_VM2,ORN_VM2,acetylcholine,0.010810810810810811,selected
OCT_3-octanol,VM2,0.4,ORN,720575940614110866,right,olfactory,ORN_VM2,ORN_VM2,serotonin,0.010810810810810811,selected
OCT_3-octanol,VM2,0.4,ORN,720575940617166882,right,olfactory,ORN_VM2,ORN_VM2,acetylcholine,0.010810810810810811,selected
OCT_3-octanol,VM2,0.4,ORN,720575940617208354,right,olfactory,ORN_VM2,ORN_VM2,acetylcholine,0.010810810810810811,selected
OCT_3-octanol,VM2,0.4,ORN,720575940617712438,right,olfactory,ORN_VM2,ORN_VM2,acetylcholine,0.010810810810810811,selected
OCT_3-octanol,VM2,0.4,ORN,720575940619163783,right,olfactory,ORN_VM2,ORN_VM2,acetylcholine,0.010810810810810811,selected
OCT_3-octanol,VM2,0.4,ORN,720575940619903215,right,olfactory,ORN_VM2,ORN_VM2,serotonin,0.010810810810810811,selected
OCT_3-octanol,VM2,0.4,ORN,720575940624061116,right,olfactory,ORN_VM2,ORN_VM2,acetylcholine,0.010810810810810811,selected
OCT_3-octanol,VM2,0.4,ORN,720575940629337470,right,olfactory,ORN_VM2,ORN_VM2,acetylcholine,0.010810810810810811,selected
OCT_3-octanol,VM2,0.4,ORN,720575940629423994,right,olfactory,ORN_VM2,ORN_VM2,acetylcholine,0.010810810810810811,selected
OCT_3-octanol,VM2,0.4,ORN,720575940630384246,right,olfactory,ORN_VM2,ORN_VM2,acetylcholine,0.010810810810810811,selected
OCT_3-octanol,VM2,0.4,ORN,720575940632731105,right,olfactory,ORN_VM2,ORN_VM2,acetylcholine,0.010810810810810811,selected
OCT_3-octanol,VM2,0.4,ORN,720575940633221657,right,olfactory,ORN_VM2,ORN_VM2,acetylcholine,0.010810810810810811,selected
OCT_3-octanol,VM2,0.4,ORN,720575940633250530,right,olfactory,ORN_VM2,ORN_VM2,acetylcholine,0.010810810810810811,selected
OCT_3-octanol,VM2,0.4,ORN,720575940638915160,right,olfactory,ORN_VM2,ORN_VM2,acetylcholine,0.010810810810810811,selected
OCT_3-octanol,VM2,0.4,ORN,720575940640262645,right,olfactory,ORN_VM2,ORN_VM2,acetylcholine,0.010810810810810811,selected
OCT_3-octanol,VM2,0.4,ORN,720575940659150977,right,olfactory,ORN_VM2,ORN_VM2,acetylcholine,0.010810810810810811,selected
OCT_3-octanol,VM2,0.4,PN,720575940617179451,left,ALPN,VM2_adPN,VM2_adPN,acetylcholine,0.1,selected
OCT_3-octanol,VM2,0.4,PN,720575940640697808,left,ALPN,VM2_adPN,VM2_adPN,acetylcholine,0.1,selected
OCT_3-octanol,VM2,0.4,PN,720575940607687260,right,ALPN,VM2_adPN,VM2_adPN,acetylcholine,0.1,selected
OCT_3-octanol,VM2,0.4,PN,720575940619280705,right,ALPN,VM2_adPN,VM2_adPN,acetylcholine,0.1,selected
MCH_4-methylcyclohexanol,VM2,1.0,ORN,720575940613911186,left,olfactory,ORN_VM2,ORN_VM2,acetylcholine,0.02702702702702703,selected
MCH_4-methylcyclohexanol,VM2,1.0,ORN,720575940617180445,left,olfactory,ORN_VM2,ORN_VM2,acetylcholine,0.02702702702702703,selected
MCH_4-methylcyclohexanol,VM2,1.0,ORN,720575940619097816,left,olfactory,ORN_VM2,ORN_VM2,acetylcholine,0.02702702702702703,selected
MCH_4-methylcyclohexanol,VM2,1.0,ORN,720575940619576912,left,olfactory,ORN_VM2,ORN_VM2,acetylcholine,0.02702702702702703,selected
MCH_4-methylcyclohexanol,VM2,1.0,ORN,720575940619793134,left,olfactory,ORN_VM2,ORN_VM2,acetylcholine,0.02702702702702703,selected
MCH_4-methylcyclohexanol,VM2,1.0,ORN,720575940619996582,left,olfactory,ORN_VM2,ORN_VM2,acetylcholine,0.02702702702702703,selected
MCH_4-methylcyclohexanol,VM2,1.0,ORN,720575940620979888,left,olfactory,ORN_VM2,ORN_VM2,acetylcholine,0.02702702702702703,selected
MCH_4-methylcyclohexanol,VM2,1.0,ORN,720575940622399172,left,olfactory,ORN_VM2,ORN_VM2,acetylcholine,0.02702702702702703,selected
MCH_4-methylcyclohexanol,VM2,1.0,ORN,720575940622441107,left,olfactory,ORN_VM2,ORN_VM2,acetylcholine,0.02702702702702703,selected
MCH_4-methylcyclohexanol,VM2,1.0,ORN,720575940625520412,left,olfactory,ORN_VM2,ORN_VM2,acetylcholine,0.02702702702702703,selected
MCH_4-methylcyclohexanol,VM2,1.0,ORN,720575940627629315,left,olfactory,ORN_VM2,ORN_VM2,acetylcholine,0.02702702702702703,selected
MCH_4-methylcyclohexanol,VM2,1.0,ORN,720575940628790142,left,olfactory,ORN_VM2,ORN_VM2,acetylcholine,0.02702702702702703,selected
MCH_4-methylcyclohexanol,VM2,1.0,ORN,720575940629721399,left,olfactory,ORN_VM2,ORN_VM2,acetylcholine,0.02702702702702703,selected
MCH_4-methylcyclohexanol,VM2,1.0,ORN,720575940632792089,left,olfactory,ORN_VM2,ORN_VM2,acetylcholine,0.02702702702702703,selected
MCH_4-methylcyclohexanol,VM2,1.0,ORN,720575940635095321,left,olfactory,ORN_VM2,ORN_VM2,acetylcholine,0.02702702702702703,selected
MCH_4-methylcyclohexanol,VM2,1.0,ORN,720575940635323255,left,olfactory,ORN_VM2,ORN_VM2,acetylcholine,0.02702702702702703,selected
MCH_4-methylcyclohexanol,VM2,1.0,ORN,720575940637619509,left,olfactory,ORN_VM2,ORN_VM2,acetylcholine,0.02702702702702703,selected
MCH_4-methylcyclohexanol,VM2,1.0,ORN,720575940639442595,left,olfactory,ORN_VM2,ORN_VM2,acetylcholine,0.02702702702702703,selected
MCH_4-methylcyclohexanol,VM2,1.0,ORN,720575940645917492,left,olfactory,ORN_VM2,ORN_VM2,acetylcholine,0.02702702702702703,selected
MCH_4-methylcyclohexanol,VM2,1.0,ORN,720575940611984114,right,olfactory,ORN_VM2,ORN_VM2,acetylcholine,0.02702702702702703,selected
MCH_4-methylcyclohexanol,VM2,1.0,ORN,720575940612166553,right,olfactory,ORN_VM2,ORN_VM2,acetylcholine,0.02702702702702703,selected
MCH_4-methylcyclohexanol,VM2,1.0,ORN,720575940614110866,right,olfactory,ORN_VM2,ORN_VM2,serotonin,0.02702702702702703,selected
MCH_4-methylcyclohexanol,VM2,1.0,ORN,720575940617166882,right,olfactory,ORN_VM2,ORN_VM2,acetylcholine,0.02702702702702703,selected
MCH_4-methylcyclohexanol,VM2,1.0,ORN,720575940617208354,right,olfactory,ORN_VM2,ORN_VM2,acetylcholine,0.02702702702702703,selected
MCH_4-methylcyclohexanol,VM2,1.0,ORN,720575940617712438,right,olfactory,ORN_VM2,ORN_VM2,acetylcholine,0.02702702702702703,selected
MCH_4-methylcyclohexanol,VM2,1.0,ORN,720575940619163783,right,olfactory,ORN_VM2,ORN_VM2,acetylcholine,0.02702702702702703,selected
MCH_4-methylcyclohexanol,VM2,1.0,ORN,720575940619903215,right,olfactory,ORN_VM2,ORN_VM2,serotonin,0.02702702702702703,selected
MCH_4-methylcyclohexanol,VM2,1.0,ORN,720575940624061116,right,olfactory,ORN_VM2,ORN_VM2,acetylcholine,0.02702702702702703,selected
MCH_4-methylcyclohexanol,VM2,1.0,ORN,720575940629337470,right,olfactory,ORN_VM2,ORN_VM2,acetylcholine,0.02702702702702703,selected
MCH_4-methylcyclohexanol,VM2,1.0,ORN,720575940629423994,right,olfactory,ORN_VM2,ORN_VM2,acetylcholine,0.02702702702702703,selected
MCH_4-methylcyclohexanol,VM2,1.0,ORN,720575940630384246,right,olfactory,ORN_VM2,ORN_VM2,acetylcholine,0.02702702702702703,selected
MCH_4-methylcyclohexanol,VM2,1.0,ORN,720575940632731105,right,olfactory,ORN_VM2,ORN_VM2,acetylcholine,0.02702702702702703,selected
MCH_4-methylcyclohexanol,VM2,1.0,ORN,720575940633221657,right,olfactory,ORN_VM2,ORN_VM2,acetylcholine,0.02702702702702703,selected
MCH_4-methylcyclohexanol,VM2,1.0,ORN,720575940633250530,right,olfactory,ORN_VM2,ORN_VM2,acetylcholine,0.02702702702702703,selected
MCH_4-methylcyclohexanol,VM2,1.0,ORN,720575940638915160,right,olfactory,ORN_VM2,ORN_VM2,acetylcholine,0.02702702702702703,selected
MCH_4-methylcyclohexanol,VM2,1.0,ORN,720575940640262645,right,olfactory,ORN_VM2,ORN_VM2,acetylcholine,0.02702702702702703,selected
MCH_4-methylcyclohexanol,VM2,1.0,ORN,720575940659150977,right,olfactory,ORN_VM2,ORN_VM2,acetylcholine,0.02702702702702703,selected
MCH_4-methylcyclohexanol,VM2,1.0,PN,720575940617179451,left,ALPN,VM2_adPN,VM2_adPN,acetylcholine,0.25,selected
MCH_4-methylcyclohexanol,VM2,1.0,PN,720575940640697808,left,ALPN,VM2_adPN,VM2_adPN,acetylcholine,0.25,selected
MCH_4-methylcyclohexanol,VM2,1.0,PN,720575940607687260,right,ALPN,VM2_adPN,VM2_adPN,acetylcholine,0.25,selected
MCH_4-methylcyclohexanol,VM2,1.0,PN,720575940619280705,right,ALPN,VM2_adPN,VM2_adPN,acetylcholine,0.25,selected
MCH_4-methylcyclohexanol,DM2,0.85,ORN,720575940606698882,left,olfactory,ORN_DM2,ORN_DM2,serotonin,0.01574074074074074,selected
MCH_4-methylcyclohexanol,DM2,0.85,ORN,720575940609586645,left,olfactory,ORN_DM2,ORN_DM2,serotonin,0.01574074074074074,selected
MCH_4-methylcyclohexanol,DM2,0.85,ORN,720575940611696370,left,olfactory,ORN_DM2,ORN_DM2,serotonin,0.01574074074074074,selected
MCH_4-methylcyclohexanol,DM2,0.85,ORN,720575940613539478,left,olfactory,ORN_DM2,ORN_DM2,serotonin,0.01574074074074074,selected
MCH_4-methylcyclohexanol,DM2,0.85,ORN,720575940614427055,left,olfactory,ORN_DM2,ORN_DM2,serotonin,0.01574074074074074,selected
MCH_4-methylcyclohexanol,DM2,0.85,ORN,720575940614735372,left,olfactory,ORN_DM2,ORN_DM2,serotonin,0.01574074074074074,selected
MCH_4-methylcyclohexanol,DM2,0.85,ORN,720575940615747259,left,olfactory,ORN_DM2,ORN_DM2,serotonin,0.01574074074074074,selected
MCH_4-methylcyclohexanol,DM2,0.85,ORN,720575940616398898,left,olfactory,ORN_DM2,ORN_DM2,serotonin,0.01574074074074074,selected
MCH_4-methylcyclohexanol,DM2,0.85,ORN,720575940616713473,left,olfactory,ORN_DM2,ORN_DM2,serotonin,0.01574074074074074,selected
MCH_4-methylcyclohexanol,DM2,0.85,ORN,720575940617645652,left,olfactory,ORN_DM2,ORN_DM2,serotonin,0.01574074074074074,selected
MCH_4-methylcyclohexanol,DM2,0.85,ORN,720575940620577217,left,olfactory,ORN_DM2,ORN_DM2,serotonin,0.01574074074074074,selected
MCH_4-methylcyclohexanol,DM2,0.85,ORN,720575940620679233,left,olfactory,ORN_DM2,ORN_DM2,serotonin,0.01574074074074074,selected
MCH_4-methylcyclohexanol,DM2,0.85,ORN,720575940620932717,left,olfactory,ORN_DM2,ORN_DM2,serotonin,0.01574074074074074,selected
MCH_4-methylcyclohexanol,DM2,0.85,ORN,720575940622039551,left,olfactory,ORN_DM2,ORN_DM2,serotonin,0.01574074074074074,selected
MCH_4-methylcyclohexanol,DM2,0.85,ORN,720575940622685367,left,olfactory,ORN_DM2,ORN_DM2,acetylcholine,0.01574074074074074,selected
MCH_4-methylcyclohexanol,DM2,0.85,ORN,720575940622880588,left,olfactory,ORN_DM2,ORN_DM2,serotonin,0.01574074074074074,selected
MCH_4-methylcyclohexanol,DM2,0.85,ORN,720575940623062749,left,olfactory,ORN_DM2,ORN_DM2,acetylcholine,0.01574074074074074,selected
MCH_4-methylcyclohexanol,DM2,0.85,ORN,720575940623085495,left,olfactory,ORN_DM2,ORN_DM2,serotonin,0.01574074074074074,selected
MCH_4-methylcyclohexanol,DM2,0.85,ORN,720575940625360784,left,olfactory,ORN_DM2,ORN_DM2,serotonin,0.01574074074074074,selected
MCH_4-methylcyclohexanol,DM2,0.85,ORN,720575940625825820,left,olfactory,ORN_DM2,ORN_DM2,serotonin,0.01574074074074074,selected
MCH_4-methylcyclohexanol,DM2,0.85,ORN,720575940631923816,left,olfactory,ORN_DM2,ORN_DM2,serotonin,0.01574074074074074,selected
MCH_4-methylcyclohexanol,DM2,0.85,ORN,720575940631925132,left,olfactory,ORN_DM2,ORN_DM2,serotonin,0.01574074074074074,selected
MCH_4-methylcyclohexanol,DM2,0.85,ORN,720575940633203225,left,olfactory,ORN_DM2,ORN_DM2,serotonin,0.01574074074074074,selected
MCH_4-methylcyclohexanol,DM2,0.85,ORN,720575940633311328,left,olfactory,ORN_DM2,ORN_DM2,acetylcholine,0.01574074074074074,selected
MCH_4-methylcyclohexanol,DM2,0.85,ORN,720575940635094426,left,olfactory,ORN_DM2,ORN_DM2,serotonin,0.01574074074074074,selected
MCH_4-methylcyclohexanol,DM2,0.85,ORN,720575940636741488,left,olfactory,ORN_DM2,ORN_DM2,serotonin,0.01574074074074074,selected
MCH_4-methylcyclohexanol,DM2,0.85,ORN,720575940638576829,left,olfactory,ORN_DM2,ORN_DM2,serotonin,0.01574074074074074,selected
MCH_4-methylcyclohexanol,DM2,0.85,ORN,720575940644237591,left,olfactory,ORN_DM2,ORN_DM2,serotonin,0.01574074074074074,selected
MCH_4-methylcyclohexanol,DM2,0.85,ORN,720575940647097732,left,olfactory,ORN_DM2,ORN_DM2,serotonin,0.01574074074074074,selected
MCH_4-methylcyclohexanol,DM2,0.85,ORN,720575940603356128,right,olfactory,ORN_DM2,ORN_DM2,serotonin,0.01574074074074074,selected
MCH_4-methylcyclohexanol,DM2,0.85,ORN,720575940605915872,right,olfactory,ORN_DM2,ORN_DM2,serotonin,0.01574074074074074,selected
MCH_4-methylcyclohexanol,DM2,0.85,ORN,720575940613437359,right,olfactory,ORN_DM2,ORN_DM2,serotonin,0.01574074074074074,selected
MCH_4-methylcyclohexanol,DM2,0.85,ORN,720575940616203067,right,olfactory,ORN_DM2,ORN_DM2,serotonin,0.01574074074074074,selected
MCH_4-methylcyclohexanol,DM2,0.85,ORN,720575940616886228,right,olfactory,ORN_DM2,ORN_DM2,serotonin,0.01574074074074074,selected
MCH_4-methylcyclohexanol,DM2,0.85,ORN,720575940617234077,right,olfactory,ORN_DM2,ORN_DM2,serotonin,0.01574074074074074,selected
MCH_4-methylcyclohexanol,DM2,0.85,ORN,720575940619277733,right,olfactory,ORN_DM2,ORN_DM2,serotonin,0.01574074074074074,selected
MCH_4-methylcyclohexanol,DM2,0.85,ORN,720575940619725844,right,olfactory,ORN_DM2,ORN_DM2,serotonin,0.01574074074074074,selected
MCH_4-methylcyclohexanol,DM2,0.85,ORN,720575940621325338,right,olfactory,ORN_DM2,ORN_DM2,acetylcholine,0.01574074074074074,selected
MCH_4-methylcyclohexanol,DM2,0.85,ORN,720575940622099294,right,olfactory,ORN_DM2,ORN_DM2,serotonin,0.01574074074074074,selected
MCH_4-methylcyclohexanol,DM2,0.85,ORN,720575940622440840,right,olfactory,ORN_DM2,ORN_DM2,acetylcholine,0.01574074074074074,selected
MCH_4-methylcyclohexanol,DM2,0.85,ORN,720575940624500519,right,olfactory,ORN_DM2,ORN_DM2,serotonin,0.01574074074074074,selected
MCH_4-methylcyclohexanol,DM2,0.85,ORN,720575940624951020,right,olfactory,ORN_DM2,ORN_DM2,acetylcholine,0.01574074074074074,selected
MCH_4-methylcyclohexanol,DM2,0.85,ORN,720575940626147971,right,olfactory,ORN_DM2,ORN_DM2,serotonin,0.01574074074074074,selected
MCH_4-methylcyclohexanol,DM2,0.85,ORN,720575940628677626,right,olfactory,ORN_DM2,ORN_DM2,serotonin,0.01574074074074074,selected
MCH_4-methylcyclohexanol,DM2,0.85,ORN,720575940629384953,right,olfactory,ORN_DM2,ORN_DM2,serotonin,0.01574074074074074,selected
MCH_4-methylcyclohexanol,DM2,0.85,ORN,720575940630612280,right,olfactory,ORN_DM2,ORN_DM2,serotonin,0.01574074074074074,selected
MCH_4-methylcyclohexanol,DM2,0.85,ORN,720575940631228719,right,olfactory,ORN_DM2,ORN_DM2,serotonin,0.01574074074074074,selected
MCH_4-methylcyclohexanol,DM2,0.85,ORN,720575940631295116,right,olfactory,ORN_DM2,ORN_DM2,serotonin,0.01574074074074074,selected
MCH_4-methylcyclohexanol,DM2,0.85,ORN,720575940635184485,right,olfactory,ORN_DM2,ORN_DM2,serotonin,0.01574074074074074,selected
MCH_4-methylcyclohexanol,DM2,0.85,ORN,720575940639024462,right,olfactory,ORN_DM2,ORN_DM2,serotonin,0.01574074074074074,selected
MCH_4-methylcyclohexanol,DM2,0.85,ORN,720575940641039067,right,olfactory,ORN_DM2,ORN_DM2,serotonin,0.01574074074074074,selected
MCH_4-methylcyclohexanol,DM2,0.85,ORN,720575940649134969,right,olfactory,ORN_DM2,ORN_DM2,acetylcholine,0.01574074074074074,selected
MCH_4-methylcyclohexanol,DM2,0.85,ORN,720575940654194337,right,olfactory,ORN_DM2,ORN_DM2,serotonin,0.01574074074074074,selected
MCH_4-methylcyclohexanol,DM2,0.85,ORN,720575940655010209,right,olfactory,ORN_DM2,ORN_DM2,serotonin,0.01574074074074074,selected
MCH_4-methylcyclohexanol,DM2,0.85,PN,720575940630024566,left,ALPN,DM2_lPN,DM2_lPN,acetylcholine,0.2125,selected
MCH_4-methylcyclohexanol,DM2,0.85,PN,720575940638633535,left,ALPN,DM2_lPN,DM2_lPN,acetylcholine,0.2125,selected
MCH_4-methylcyclohexanol,DM2,0.85,PN,720575940637628762,right,ALPN,DM2_lPN,DM2_lPN,acetylcholine,0.2125,selected
MCH_4-methylcyclohexanol,DM2,0.85,PN,720575940638624189,right,ALPN,DM2_lPN,DM2_lPN,acetylcholine,0.2125,selected
MCH_4-methylcyclohexanol,VA2,0.55,ORN,720575940606108862,left,olfactory,ORN_VA2,ORN_VA2,serotonin,0.008208955223880599,selected
MCH_4-methylcyclohexanol,VA2,0.55,ORN,720575940610999794,left,olfactory,ORN_VA2,ORN_VA2,serotonin,0.008208955223880599,selected
MCH_4-methylcyclohexanol,VA2,0.55,ORN,720575940611369938,left,olfactory,ORN_VA2,ORN_VA2,acetylcholine,0.008208955223880599,selected
MCH_4-methylcyclohexanol,VA2,0.55,ORN,720575940614257986,left,olfactory,ORN_VA2,ORN_VA2,serotonin,0.008208955223880599,selected
MCH_4-methylcyclohexanol,VA2,0.55,ORN,720575940614833567,left,olfactory,ORN_VA2,ORN_VA2,acetylcholine,0.008208955223880599,selected
MCH_4-methylcyclohexanol,VA2,0.55,ORN,720575940616486795,left,olfactory,ORN_VA2,ORN_VA2,serotonin,0.008208955223880599,selected
MCH_4-methylcyclohexanol,VA2,0.55,ORN,720575940617681822,left,olfactory,ORN_VA2,ORN_VA2,serotonin,0.008208955223880599,selected
MCH_4-methylcyclohexanol,VA2,0.55,ORN,720575940618512331,left,olfactory,ORN_VA2,ORN_VA2,serotonin,0.008208955223880599,selected
MCH_4-methylcyclohexanol,VA2,0.55,ORN,720575940619093524,left,olfactory,ORN_VA2,ORN_VA2,serotonin,0.008208955223880599,selected
MCH_4-methylcyclohexanol,VA2,0.55,ORN,720575940620028080,left,olfactory,ORN_VA2,ORN_VA2,serotonin,0.008208955223880599,selected
MCH_4-methylcyclohexanol,VA2,0.55,ORN,720575940620319329,left,olfactory,ORN_VA2,ORN_VA2,acetylcholine,0.008208955223880599,selected
MCH_4-methylcyclohexanol,VA2,0.55,ORN,720575940620572933,left,olfactory,ORN_VA2,ORN_VA2,serotonin,0.008208955223880599,selected
MCH_4-methylcyclohexanol,VA2,0.55,ORN,720575940620822049,left,olfactory,ORN_VA2,ORN_VA2,serotonin,0.008208955223880599,selected
MCH_4-methylcyclohexanol,VA2,0.55,ORN,720575940622833577,left,olfactory,ORN_VA2,ORN_VA2,serotonin,0.008208955223880599,selected
MCH_4-methylcyclohexanol,VA2,0.55,ORN,720575940623482355,left,olfactory,ORN_VA2,ORN_VA2,serotonin,0.008208955223880599,selected
MCH_4-methylcyclohexanol,VA2,0.55,ORN,720575940625757053,left,olfactory,ORN_VA2,ORN_VA2,serotonin,0.008208955223880599,selected
MCH_4-methylcyclohexanol,VA2,0.55,ORN,720575940626530564,left,olfactory,ORN_VA2,ORN_VA2,acetylcholine,0.008208955223880599,selected
MCH_4-methylcyclohexanol,VA2,0.55,ORN,720575940626571592,left,olfactory,ORN_VA2,ORN_VA2,serotonin,0.008208955223880599,selected
MCH_4-methylcyclohexanol,VA2,0.55,ORN,720575940626879484,left,olfactory,ORN_VA2,ORN_VA2,serotonin,0.008208955223880599,selected
MCH_4-methylcyclohexanol,VA2,0.55,ORN,720575940627737073,left,olfactory,ORN_VA2,ORN_VA2,acetylcholine,0.008208955223880599,selected
MCH_4-methylcyclohexanol,VA2,0.55,ORN,720575940629232492,left,olfactory,ORN_VA2,ORN_VA2,serotonin,0.008208955223880599,selected
MCH_4-methylcyclohexanol,VA2,0.55,ORN,720575940631174431,left,olfactory,ORN_VA2,ORN_VA2,acetylcholine,0.008208955223880599,selected
MCH_4-methylcyclohexanol,VA2,0.55,ORN,720575940631203896,left,olfactory,ORN_VA2,ORN_VA2,serotonin,0.008208955223880599,selected
MCH_4-methylcyclohexanol,VA2,0.55,ORN,720575940632315106,left,olfactory,ORN_VA2,ORN_VA2,serotonin,0.008208955223880599,selected
MCH_4-methylcyclohexanol,VA2,0.55,ORN,720575940632356066,left,olfactory,ORN_VA2,ORN_VA2,serotonin,0.008208955223880599,selected
MCH_4-methylcyclohexanol,VA2,0.55,ORN,720575940634530155,left,olfactory,ORN_VA2,ORN_VA2,acetylcholine,0.008208955223880599,selected
MCH_4-methylcyclohexanol,VA2,0.55,ORN,720575940636052080,left,olfactory,ORN_VA2,ORN_VA2,acetylcholine,0.008208955223880599,selected
MCH_4-methylcyclohexanol,VA2,0.55,ORN,720575940638852736,left,olfactory,ORN_VA2,ORN_VA2,serotonin,0.008208955223880599,selected
MCH_4-methylcyclohexanol,VA2,0.55,ORN,720575940639448528,left,olfactory,ORN_VA2,ORN_VA2,serotonin,0.008208955223880599,selected
MCH_4-methylcyclohexanol,VA2,0.55,ORN,720575940640027637,left,olfactory,ORN_VA2,ORN_VA2,serotonin,0.008208955223880599,selected
MCH_4-methylcyclohexanol,VA2,0.55,ORN,720575940641372112,left,olfactory,ORN_VA2,ORN_VA2,serotonin,0.008208955223880599,selected
MCH_4-methylcyclohexanol,VA2,0.55,ORN,720575940644076398,left,olfactory,ORN_VA2,ORN_VA2,serotonin,0.008208955223880599,selected
MCH_4-methylcyclohexanol,VA2,0.55,ORN,720575940646142004,left,olfactory,ORN_VA2,ORN_VA2,serotonin,0.008208955223880599,selected
MCH_4-methylcyclohexanol,VA2,0.55,ORN,720575940646540910,left,olfactory,ORN_VA2,ORN_VA2,acetylcholine,0.008208955223880599,selected
MCH_4-methylcyclohexanol,VA2,0.55,ORN,720575940605834626,right,olfactory,ORN_VA2,ORN_VA2,serotonin,0.008208955223880599,selected
MCH_4-methylcyclohexanol,VA2,0.55,ORN,720575940607811420,right,olfactory,ORN_VA2,ORN_VA2,serotonin,0.008208955223880599,selected
MCH_4-methylcyclohexanol,VA2,0.55,ORN,720575940610922202,right,olfactory,ORN_VA2,ORN_VA2,acetylcholine,0.008208955223880599,selected
MCH_4-methylcyclohexanol,VA2,0.55,ORN,720575940611218418,right,olfactory,ORN_VA2,ORN_VA2,serotonin,0.008208955223880599,selected
MCH_4-methylcyclohexanol,VA2,0.55,ORN,720575940611237034,right,olfactory,ORN_VA2,ORN_VA2,serotonin,0.008208955223880599,selected
MCH_4-methylcyclohexanol,VA2,0.55,ORN,720575940613509010,right,olfactory,ORN_VA2,ORN_VA2,serotonin,0.008208955223880599,selected
MCH_4-methylcyclohexanol,VA2,0.55,ORN,720575940613666666,right,olfactory,ORN_VA2,ORN_VA2,serotonin,0.008208955223880599,selected
MCH_4-methylcyclohexanol,VA2,0.55,ORN,720575940614014431,right,olfactory,ORN_VA2,ORN_VA2,serotonin,0.008208955223880599,selected
MCH_4-methylcyclohexanol,VA2,0.55,ORN,720575940616194397,right,olfactory,ORN_VA2,ORN_VA2,serotonin,0.008208955223880599,selected
MCH_4-methylcyclohexanol,VA2,0.55,ORN,720575940616205405,right,olfactory,ORN_VA2,ORN_VA2,acetylcholine,0.008208955223880599,selected
MCH_4-methylcyclohexanol,VA2,0.55,ORN,720575940617009638,right,olfactory,ORN_VA2,ORN_VA2,serotonin,0.008208955223880599,selected
MCH_4-methylcyclohexanol,VA2,0.55,ORN,720575940619360532,right,olfactory,ORN_VA2,ORN_VA2,serotonin,0.008208955223880599,selected
MCH_4-methylcyclohexanol,VA2,0.55,ORN,720575940620030384,right,olfactory,ORN_VA2,ORN_VA2,serotonin,0.008208955223880599,selected
MCH_4-methylcyclohexanol,VA2,0.55,ORN,720575940620555252,right,olfactory,ORN_VA2,ORN_VA2,serotonin,0.008208955223880599,selected
MCH_4-methylcyclohexanol,VA2,0.55,ORN,720575940620831265,right,olfactory,ORN_VA2,ORN_VA2,serotonin,0.008208955223880599,selected
MCH_4-methylcyclohexanol,VA2,0.55,ORN,720575940621326874,right,olfactory,ORN_VA2,ORN_VA2,serotonin,0.008208955223880599,selected
MCH_4-methylcyclohexanol,VA2,0.55,ORN,720575940621808227,right,olfactory,ORN_VA2,ORN_VA2,serotonin,0.008208955223880599,selected
MCH_4-methylcyclohexanol,VA2,0.55,ORN,720575940621821004,right,olfactory,ORN_VA2,ORN_VA2,acetylcholine,0.008208955223880599,selected
MCH_4-methylcyclohexanol,VA2,0.55,ORN,720575940622063871,right,olfactory,ORN_VA2,ORN_VA2,serotonin,0.008208955223880599,selected
MCH_4-methylcyclohexanol,VA2,0.55,ORN,720575940623801276,right,olfactory,ORN_VA2,ORN_VA2,serotonin,0.008208955223880599,selected
MCH_4-methylcyclohexanol,VA2,0.55,ORN,720575940624096708,right,olfactory,ORN_VA2,ORN_VA2,serotonin,0.008208955223880599,selected
MCH_4-methylcyclohexanol,VA2,0.55,ORN,720575940625383299,right,olfactory,ORN_VA2,ORN_VA2,serotonin,0.008208955223880599,selected
MCH_4-methylcyclohexanol,VA2,0.55,ORN,720575940628641871,right,olfactory,ORN_VA2,ORN_VA2,serotonin,0.008208955223880599,selected
MCH_4-methylcyclohexanol,VA2,0.55,ORN,720575940629263872,right,olfactory,ORN_VA2,ORN_VA2,serotonin,0.008208955223880599,selected
MCH_4-methylcyclohexanol,VA2,0.55,ORN,720575940629677655,right,olfactory,ORN_VA2,ORN_VA2,serotonin,0.008208955223880599,selected
MCH_4-methylcyclohexanol,VA2,0.55,ORN,720575940633668031,right,olfactory,ORN_VA2,ORN_VA2,serotonin,0.008208955223880599,selected
MCH_4-methylcyclohexanol,VA2,0.55,ORN,720575940637846069,right,olfactory,ORN_VA2,ORN_VA2,serotonin,0.008208955223880599,selected
MCH_4-methylcyclohexanol,VA2,0.55,ORN,720575940638410611,right,olfactory,ORN_VA2,ORN_VA2,serotonin,0.008208955223880599,selected
MCH_4-methylcyclohexanol,VA2,0.55,ORN,720575940644028452,right,olfactory,ORN_VA2,ORN_VA2,serotonin,0.008208955223880599,selected
MCH_4-methylcyclohexanol,VA2,0.55,ORN,720575940645211939,right,olfactory,ORN_VA2,ORN_VA2,acetylcholine,0.008208955223880599,selected
MCH_4-methylcyclohexanol,VA2,0.55,ORN,720575940645214243,right,olfactory,ORN_VA2,ORN_VA2,acetylcholine,0.008208955223880599,selected
MCH_4-methylcyclohexanol,VA2,0.55,ORN,720575940645576756,right,olfactory,ORN_VA2,ORN_VA2,serotonin,0.008208955223880599,selected
MCH_4-methylcyclohexanol,VA2,0.55,ORN,720575940646120324,right,olfactory,ORN_VA2,ORN_VA2,serotonin,0.008208955223880599,selected
MCH_4-methylcyclohexanol,VA2,0.55,PN,720575940611079236,left,ALPN,VA2_adPN,VA2_adPN,acetylcholine,0.275,selected
MCH_4-methylcyclohexanol,VA2,0.55,PN,720575940609460491,right,ALPN,VA2_adPN,VA2_adPN,acetylcholine,0.275,selected
